bb2_func,bb2_file,bb2_insns,kengo_name,kengo_insns,diff,kengo_module,kengo_source_file
func_80023F08,code6cac.c,2983,,,,,
func_8002AB08,code6cac_b.c,1112,,,,,
func_80029454,code6cac_b.c,1025,,,,,
func_8008C464,main.c,763,,,,,
func_800198D0,code6cac.c,749,,,,,
func_80030D7C,code6cac_b.c,709,,,,,
func_800187F4,code6cac.c,662,,,,,
func_80022580,code6cac.c,621,,,,,
func_8001CE60,code6cac.c,588,,,,,
func_8001A820,code6cac.c,582,,,,,
func_80027AD8,code6cac_b.c,574,,,,,
func_8002DE20,code6cac_b.c,548,,,,,
func_80034708,code6cac_b.c,544,,,,,
func_8003993C,code6cac_c.c,526,,,,,
func_80036140,code6cac_b2.c,512,,,,,
func_800288C8,code6cac_b.c,489,,,,,
func_80043454,text1a.c,479,,,,,
func_8001DCB0,code6cac.c,469,,,,,
func_80032C50,code6cac_b.c,467,,,,,
func_8002A458,code6cac_b.c,428,,,,,
func_8008B488,main.c,423,,,,,
func_80038C70,code6cac_c.c,402,,,,,
func_8001BE20,code6cac.c,393,,,,,
func_8002CD58,code6cac_b.c,370,special_camera_Init,370,0,nm_special_cam,src/numata/nm_special_cam.c
func_80035828,code6cac_b2.c,360,,,,,
func_80080828,system.c,354,,,,,
func_8001F2E4,code6cac.c,351,md_game_rob_data_init,351,0,md_game,src/common/md_game.c
func_80026DA4,code6cac_b.c,342,AllocRobRmdVu1,342,0,am_rmd,src/amami/am_rmd.c
func_80026DA4,code6cac_b.c,342,single_game_SetMyDefaultAbility,342,0,nm_single_game,src/numata/nm_single_game.c
func_80087770,main.c,335,,,,,
func_80031B24,code6cac_b.c,327,,,,,
func_800207C8,code6cac.c,325,,,,,
func_8002F770,code6cac_b.c,324,,,,,
func_80089F3C,main.c,318,,,,,
func_80018300,code6cac.c,317,,,,,
func_80086CF8,main.c,311,,,,,
func_800872A4,main.c,307,,,,,
func_80045B68,text1a.c,302,,,,,
func_8003E6D8,code6cac_c2.c,299,DispHira,299,0,am_rmd,src/amami/am_rmd.c
func_80021424,code6cac.c,297,,,,,
func_8002F2D0,code6cac_b.c,296,,,,,
func_80082D34,ings2.c,295,,,,,
func_8001C8DC,code6cac.c,291,,,,,
func_8001FBE8,code6cac.c,289,MovieDispSetTags,289,0,su_movie_disp,src/suzuki/su_movie_disp.c
func_8001FBE8,code6cac.c,289,single_game_CheckStatusUpDataTotalOver,289,0,nm_single_game,src/numata/nm_single_game.c
func_80021DB0,code6cac.c,285,,,,,
func_8002C61C,code6cac_b.c,284,,,,,
func_8008AF9C,main.c,281,,,,,
func_80036940,code6cac_b2.c,274,special_camera_Exec,274,0,nm_special_cam,src/numata/nm_special_cam.c
func_80040D48,text1a.c,272,,,,,
func_800863DC,main.c,271,action_CheckHitZangeki,271,0,is_action,src/ishito/is_action.c
func_8001EA84,code6cac.c,268,,,,,
func_8003FA24,config.c,263,,,,,
func_800812FC,system.c,263,,,,,
func_80082000,system.c,263,,,,,
func_80085A40,main.c,259,AllocBukiRmd,259,0,am_rmd,src/amami/am_rmd.c
func_80032854,code6cac_b.c,255,,,,,
func_8002C22C,code6cac_b.c,252,PutRobShadow,252,0,am_rmd,src/amami/am_rmd.c
func_80086818,main.c,249,md_game_end,249,0,md_game,src/common/md_game.c
func_800460E4,text1a.c,248,,,,,
func_800880E8,main.c,247,saTan2Main,247,0,sa_tan2,src/sato/sa_tan2.c
func_8003E2D8,code6cac_c2.c,242,replay_camera_get_attack_number,242,0,nm_replay_cam,src/numata/nm_replay_cam.c
func_80084500,main.c,235,,,,,
func_8003EDC0,code6cac_c2.c,234,md_game_check_mode,234,0,md_game,src/common/md_game.c
func_80084CC0,main.c,233,saTan0Main,233,0,sa_tan0,src/sato/sa_tan0.c
func_80084CC0,main.c,233,suDispGameStartLogo,233,0,su_game_tex,src/suzuki/su_game_tex.c
func_8001B748,code6cac.c,231,_DispPracticeMenuTex,231,0,su_menu_tuto,src/suzuki/su_menu_tuto.c
func_80020E74,code6cac.c,231,_DispPracticeMenuTex,231,0,su_menu_tuto,src/suzuki/su_menu_tuto.c
func_800290B8,code6cac_b.c,231,_DispPracticeMenuTex,231,0,su_menu_tuto,src/suzuki/su_menu_tuto.c
func_800238C4,code6cac.c,219,_Select2WindowSection,219,0,su_menu_edit,src/suzuki/su_menu_edit.c
func_800238C4,code6cac.c,219,camera_set_zoom,219,0,nm_camera,src/numata/nm_camera.c
func_800238C4,code6cac.c,219,coli_calc_oshidashi_dist,219,0,is_coli,src/ishito/is_coli.c
func_80040594,text1a.c,217,,,,,
func_8002304C,code6cac.c,216,replay_camera_check_mode,216,0,nm_replay_cam,src/numata/nm_replay_cam.c
func_8002304C,code6cac.c,216,tanren_CameraControl,216,0,is_tanren,src/ishito/is_tanren.c
func_800283D0,code6cac_b.c,215,saTan2KabutoWareMove,215,0,sa_tan2,src/sato/sa_tan2.c
func_8002D780,code6cac_b.c,212,saTan0KiWareMoveA,212,0,sa_tan0,src/sato/sa_tan0.c
func_8002DAD0,code6cac_b.c,212,saTan0KiWareMoveA,212,0,sa_tan0,src/sato/sa_tan0.c
func_80016E60,ings.c,211,,,,,
func_80083E9C,main.c,209,_DispStuff,209,0,su_menu_ending,src/suzuki/su_menu_ending.c
func_8003CF84,code6cac_c2.c,208,,,,,
func_80017A44,ings.c,208,,,,,
func_800889D4,main.c,206,_DispUpdateStatusMessage,206,0,su_menu_home,src/suzuki/su_menu_home.c
func_80044800,text1a.c,204,efc_rob_set_type_flash,204,0,is_efc_rob,src/ishito/is_efc_rob.c
func_8003C9A4,code6cac_c2.c,202,,,,,
func_8003A728,code6cac_c.c,200,LWCard_LoadSave,200,0,su_card,src/suzuki/su_card.c
func_8003A728,code6cac_c.c,200,viBufRestartDMA,200,0,su_movie_buf,src/suzuki/su_movie_buf.c
func_800841E0,main.c,200,LWCard_LoadSave,200,0,su_card,src/suzuki/su_card.c
func_800841E0,main.c,200,viBufRestartDMA,200,0,su_movie_buf,src/suzuki/su_movie_buf.c
func_800896A0,main.c,194,_DispTestMenuTex,194,0,su_menu_tuto,src/suzuki/su_menu_tuto.c
func_800896A0,main.c,194,cpu_check_move_attack,194,0,nm_cpu,src/numata/nm_cpu.c
func_800896A0,main.c,194,exec_game,194,0,md_game,src/common/md_game.c
func_800896A0,main.c,194,katinuki_game_checkRecordTime,194,0,nm_katinuki_game,src/numata/nm_katinuki_game.c
func_800338CC,code6cac_b.c,189,cpu_set_move_command_and_dir_for_no_action,189,0,nm_cpu,src/numata/nm_cpu.c
func_80017200,ings.c,189,cpu_set_move_command_and_dir_for_no_action,189,0,nm_cpu,src/numata/nm_cpu.c
func_8002EBDC,code6cac_b.c,188,_DispSchoolBG,188,0,su_menu_single,src/suzuki/su_menu_single.c
func_80038988,code6cac_c.c,186,,,,,
func_8003B9D0,code6cac_c2.c,185,,,,,
func_8001E404,code6cac.c,184,replay_camera_upper,184,0,nm_replay_cam,src/numata/nm_replay_cam.c
func_8001E404,code6cac.c,184,saTan3GaugeMain,184,0,sa_tan3,src/sato/sa_tan3.c
func_800200DC,code6cac.c,182,replay_DecodeInit,182,0,is_replay,src/ishito/is_replay.c
func_800200DC,code6cac.c,182,saTanMainInfoDraw,182,0,sa_tan_m,src/sato/sa_tan_m.c
func_8002CA8C,code6cac_b.c,179,_TopMenuSection,179,0,su_menu_home,src/suzuki/su_menu_home.c
func_8002CA8C,code6cac_b.c,179,suDispMentalBar,179,0,su_game_tex,src/suzuki/su_game_tex.c
func_8003B5A4,code6cac_c.c,179,_TopMenuSection,179,0,su_menu_home,src/suzuki/su_menu_home.c
func_8003B5A4,code6cac_c.c,179,suDispMentalBar,179,0,su_game_tex,src/suzuki/su_game_tex.c
func_8003DE14,code6cac_c2.c,179,_TopMenuSection,179,0,su_menu_home,src/suzuki/su_menu_home.c
func_8003DE14,code6cac_c2.c,179,suDispMentalBar,179,0,su_game_tex,src/suzuki/su_game_tex.c
func_80081030,system.c,179,_TopMenuSection,179,0,su_menu_home,src/suzuki/su_menu_home.c
func_80081030,system.c,179,suDispMentalBar,179,0,su_game_tex,src/suzuki/su_game_tex.c
func_800893D8,main.c,178,coli_HitPauseKatana,178,0,is_coli,src/ishito/is_coli.c
func_80089A48,main.c,178,coli_HitPauseKatana,178,0,is_coli,src/ishito/is_coli.c
func_800335D8,code6cac_b.c,176,_DispTopMenu,176,0,su_menu_home,src/suzuki/su_menu_home.c
func_800335D8,code6cac_b.c,176,hirahira_w_init,176,0,my_hirahira,src/myama/my_hirahira.c
func_800335D8,code6cac_b.c,176,mk_leaf_newpos,176,0,se_fc,src/sekikawa/se_fc.c
func_800383A4,code6cac_c.c,173,efc_rob_set_sand_smoke,173,0,is_efc_rob,src/ishito/is_efc_rob.c
func_800383A4,code6cac_c.c,173,pad_FuncAnalog,173,0,is_pad,src/ishito/is_pad.c
func_800383A4,code6cac_c.c,173,rob_set_se,173,0,my_rob,src/myama/my_rob.c
func_8008241C,system.c,172,calc_parts_mat,172,0,se_fc,src/sekikawa/se_fc.c
func_8008241C,system.c,172,cpu_move_dir_kabe_check,172,0,nm_cpu,src/numata/nm_cpu.c
func_8008241C,system.c,172,saTan3SibukiMove,172,0,sa_tan3,src/sato/sa_tan3.c
func_8008241C,system.c,172,single_game_SetCpuEnemyAbility,172,0,nm_single_game,src/numata/nm_single_game.c
func_800477E8,sound.c,170,_DispFormMenuTex,170,0,su_menu_home,src/suzuki/su_menu_home.c
func_800477E8,sound.c,170,motion_CheckSituation,170,0,is_motion,src/ishito/is_motion.c
func_800233AC,code6cac.c,167,MenuStartRobot,167,0,su_menu_rob,src/suzuki/su_menu_rob.c
func_800233AC,code6cac.c,167,coli_MakeMatrixTransXZ,167,0,is_coli,src/ishito/is_coli.c
func_80031890,code6cac_b.c,165,,,,,
func_80088740,main.c,165,,,,,
func_80088D0C,main.c,164,saTan0GaugeDraw,164,0,sa_tan0,src/sato/sa_tan0.c
func_80027640,code6cac_b.c,160,cpu_side_move_dir,160,0,nm_cpu,src/numata/nm_cpu.c
func_8003C040,code6cac_c2.c,160,cpu_side_move_dir,160,0,nm_cpu,src/numata/nm_cpu.c
func_8008BF04,main.c,160,cpu_side_move_dir,160,0,nm_cpu,src/numata/nm_cpu.c
func_80080DB0,system.c,160,cpu_side_move_dir,160,0,nm_cpu,src/numata/nm_cpu.c
func_80023648,code6cac.c,159,SetPacketData,159,0,am_rmd,src/amami/am_rmd.c
func_80023648,code6cac.c,159,replay_camera_get_frame_rate,159,0,nm_replay_cam,src/numata/nm_replay_cam.c
func_800833C8,ings2.c,159,SetPacketData,159,0,am_rmd,src/amami/am_rmd.c
func_800833C8,ings2.c,159,replay_camera_get_frame_rate,159,0,nm_replay_cam,src/numata/nm_replay_cam.c
func_8008C1E8,main.c,159,SetPacketData,159,0,am_rmd,src/amami/am_rmd.c
func_8008C1E8,main.c,159,replay_camera_get_frame_rate,159,0,nm_replay_cam,src/numata/nm_replay_cam.c
func_80021A98,code6cac.c,158,gnd_land_hit_char_poly,158,0,hi_landhit,src/hide/hi_landhit.c
func_80021A98,code6cac.c,158,special_camera_get_win_cam_num,158,0,nm_special_cam,src/numata/nm_special_cam.c
func_800325E0,code6cac_b.c,157,,,,,
func_80018094,code6cac.c,155,marionation_camera_Exec,155,0,nm_mario_cam,src/numata/nm_mario_cam.c
func_8002D518,code6cac_b.c,154,_DispAskMessage,154,0,su_menu_edit,src/suzuki/su_menu_edit.c
func_8002D518,code6cac_b.c,154,_DispSelectForm,154,0,su_menu_edit,src/suzuki/su_menu_edit.c
func_8002D518,code6cac_b.c,154,saTan5TakeAnim2,154,0,sa_tan5,src/sato/sa_tan5.c
func_80083C34,main.c,154,_DispAskMessage,154,0,su_menu_edit,src/suzuki/su_menu_edit.c
func_80083C34,main.c,154,_DispSelectForm,154,0,su_menu_edit,src/suzuki/su_menu_edit.c
func_80083C34,main.c,154,saTan5TakeAnim2,154,0,sa_tan5,src/sato/sa_tan5.c
func_8008BB24,main.c,153,,,,,
func_800344B4,code6cac_b.c,149,_DispSamnailWindow,149,0,su_menu_vs,src/suzuki/su_menu_vs.c
func_80030580,code6cac_b.c,148,coli_hit_body_weapon,148,0,is_coli,src/ishito/is_coli.c
func_80030580,code6cac_b.c,148,suDispTitleLine,148,0,su_game_tex,src/suzuki/su_game_tex.c
func_8003D52C,code6cac_c2.c,146,_DispSleepMenuTex,146,0,su_menu_home,src/suzuki/su_menu_home.c
func_80084A7C,main.c,145,conv_matrix_rotation,145,0,common,src/common/common.c
func_80084A7C,main.c,145,motion_precalc_calc_dead_dist,145,0,is_motion,src/ishito/is_motion.c
func_80084A7C,main.c,145,special_camera_get_los_cam_num,145,0,nm_special_cam,src/numata/nm_special_cam.c
func_8002BEA0,code6cac_b.c,143,_BattleSection,143,0,su_menu_home,src/suzuki/su_menu_home.c
func_8002BEA0,code6cac_b.c,143,_CheckWinLose,143,0,su_game_leauge,src/suzuki/su_game_leauge.c
func_8002BEA0,code6cac_b.c,143,rob_Scale,143,0,my_rob,src/myama/my_rob.c
func_8003EB84,code6cac_c2.c,143,_BattleSection,143,0,su_menu_home,src/suzuki/su_menu_home.c
func_8003EB84,code6cac_c2.c,143,_CheckWinLose,143,0,su_game_leauge,src/suzuki/su_game_leauge.c
func_8003EB84,code6cac_c2.c,143,rob_Scale,143,0,my_rob,src/myama/my_rob.c
func_8002BC68,code6cac_b.c,142,_DispUpdateSwordMessage,142,0,su_menu_home,src/suzuki/su_menu_home.c
func_8002BC68,code6cac_b.c,142,efc_buki_ZanzouOpen,142,0,is_efc_buki,src/ishito/is_efc_buki.c
func_8002BC68,code6cac_b.c,142,efc_buki_zanzou_record,142,0,is_efc_buki,src/ishito/is_efc_buki.c
func_80019568,code6cac.c,141,cpu_set_command,141,0,nm_cpu,src/numata/nm_cpu.c
func_80019568,code6cac.c,141,game_2d_StartLogoInit,141,0,game_2d,src/common/game_2d.c
func_80019568,code6cac.c,141,mk_pos2ang,141,0,se_fc,src/sekikawa/se_fc.c
func_80019568,code6cac.c,141,single_game_VoiceContorol,141,0,nm_single_game,src/numata/nm_single_game.c
func_8003504C,code6cac_b.c,141,cpu_set_command,141,0,nm_cpu,src/numata/nm_cpu.c
func_8003504C,code6cac_b.c,141,game_2d_StartLogoInit,141,0,game_2d,src/common/game_2d.c
func_8003504C,code6cac_b.c,141,mk_pos2ang,141,0,se_fc,src/sekikawa/se_fc.c
func_8003504C,code6cac_b.c,141,single_game_VoiceContorol,141,0,nm_single_game,src/numata/nm_single_game.c
func_80038170,code6cac_c.c,141,cpu_set_command,141,0,nm_cpu,src/numata/nm_cpu.c
func_80038170,code6cac_c.c,141,game_2d_StartLogoInit,141,0,game_2d,src/common/game_2d.c
func_80038170,code6cac_c.c,141,mk_pos2ang,141,0,se_fc,src/sekikawa/se_fc.c
func_80038170,code6cac_c.c,141,single_game_VoiceContorol,141,0,nm_single_game,src/numata/nm_single_game.c
func_8001EFA0,code6cac.c,137,CheckRmdPtr,137,0,am_rmd,src/amami/am_rmd.c
func_8001EFA0,code6cac.c,137,quaternion_slerp,137,0,se_qt,src/sekikawa/se_qt.c
func_8001EFA0,code6cac.c,137,tanren_camera_set_target_position,137,0,is_tanren,src/ishito/is_tanren.c
func_800174F4,ings.c,136,MakeNoTexRmdPacketClip,136,0,am_rmd,src/amami/am_rmd.c
func_800174F4,ings.c,136,MakeTexRmdPacketClip,136,0,am_rmd,src/amami/am_rmd.c
func_800174F4,ings.c,136,PlayADRSound,136,0,su_movie_main,src/suzuki/su_movie_main.c
func_800174F4,ings.c,136,action_defense_failed,136,0,is_action,src/ishito/is_action.c
func_800174F4,ings.c,136,decBs0,136,0,su_movie_decode,src/suzuki/su_movie_decode.c
func_800856B0,main.c,136,MakeNoTexRmdPacketClip,136,0,am_rmd,src/amami/am_rmd.c
func_800856B0,main.c,136,MakeTexRmdPacketClip,136,0,am_rmd,src/amami/am_rmd.c
func_800856B0,main.c,136,PlayADRSound,136,0,su_movie_main,src/suzuki/su_movie_main.c
func_800856B0,main.c,136,action_defense_failed,136,0,is_action,src/ishito/is_action.c
func_800856B0,main.c,136,decBs0,136,0,su_movie_decode,src/suzuki/su_movie_decode.c
func_80041EB0,text1a.c,136,MakeNoTexRmdPacketClip,136,0,am_rmd,src/amami/am_rmd.c
func_80041EB0,text1a.c,136,MakeTexRmdPacketClip,136,0,am_rmd,src/amami/am_rmd.c
func_80041EB0,text1a.c,136,PlayADRSound,136,0,su_movie_main,src/suzuki/su_movie_main.c
func_80041EB0,text1a.c,136,action_defense_failed,136,0,is_action,src/ishito/is_action.c
func_80041EB0,text1a.c,136,decBs0,136,0,su_movie_decode,src/suzuki/su_movie_decode.c
func_80041BF4,text1a.c,135,CalcHiraNormal,135,0,am_rmd,src/amami/am_rmd.c
func_80041BF4,text1a.c,135,_DispBG,135,0,su_menu_home,src/suzuki/su_menu_home.c
func_80041BF4,text1a.c,135,efc_buki_ZanzouControl,135,0,is_efc_buki,src/ishito/is_efc_buki.c
func_80041BF4,text1a.c,135,saTan4FireDisp,135,0,sa_tan4,src/sato/sa_tan4.c
func_8001B478,code6cac.c,134,myRobGeneiMove,134,0,my_eff,src/myama/my_eff.c
func_8003DBE4,code6cac_c2.c,133,_GetEnemyID,133,0,su_game_leauge,src/suzuki/su_game_leauge.c
func_8003DBE4,code6cac_c2.c,133,_SelectSection,133,0,su_menu_stage,src/suzuki/su_menu_stage.c
func_80042874,text1a.c,133,_GetEnemyID,133,0,su_game_leauge,src/suzuki/su_game_leauge.c
func_80042874,text1a.c,133,_SelectSection,133,0,su_menu_stage,src/suzuki/su_menu_stage.c
func_80035618,code6cac_b2.c,132,hirahira_w_ctrl,132,0,my_hirahira,src/myama/my_hirahira.c
func_80035618,code6cac_b2.c,132,suDispWinCount,132,0,su_game_tex,src/suzuki/su_game_tex.c
func_800861BC,main.c,132,hirahira_w_ctrl,132,0,my_hirahira,src/myama/my_hirahira.c
func_800861BC,main.c,132,suDispWinCount,132,0,su_game_tex,src/suzuki/su_game_tex.c
func_80041188,text1a.c,132,hirahira_w_ctrl,132,0,my_hirahira,src/myama/my_hirahira.c
func_80041188,text1a.c,132,suDispWinCount,132,0,su_game_tex,src/suzuki/su_game_tex.c
func_80042C80,text1a.c,132,hirahira_w_ctrl,132,0,my_hirahira,src/myama/my_hirahira.c
func_80042C80,text1a.c,132,suDispWinCount,132,0,su_game_tex,src/suzuki/su_game_tex.c
func_8003F824,config.c,128,PutRmd,128,0,am_rmd,src/amami/am_rmd.c
func_8003F824,config.c,128,_PracticeSection,128,0,su_menu_tuto,src/suzuki/su_menu_tuto.c
func_8003F824,config.c,128,camera_Open,128,0,nm_camera,src/numata/nm_camera.c
func_8003F824,config.c,128,md_menu_exec,128,0,su_menu_glb,src/suzuki/su_menu_glb.c
func_8003F824,config.c,128,tslPrintScreen,128,0,tsl_etc,src/sato/tsl_etc.c
func_8001C624,code6cac.c,127,,,,,
func_80017848,ings.c,127,,,,,
func_8008AAD4,main.c,127,,,,,
func_8002D320,code6cac_b.c,126,_SelectStartGame,126,0,su_menu_mc,src/suzuki/su_menu_mc.c
func_8002D320,code6cac_b.c,126,action_defense_success_normal,126,0,is_action,src/ishito/is_action.c
func_8002D320,code6cac_b.c,126,cpu_check_run_stop,126,0,nm_cpu,src/numata/nm_cpu.c
func_8002D320,code6cac_b.c,126,gnd_set_lights,126,0,hi_gnd,src/hide/hi_gnd.c
func_8002D320,code6cac_b.c,126,replay_camera_rob_back_loose2,126,0,nm_replay_cam,src/numata/nm_replay_cam.c
func_80042A88,text1a.c,126,_SelectStartGame,126,0,su_menu_mc,src/suzuki/su_menu_mc.c
func_80042A88,text1a.c,126,action_defense_success_normal,126,0,is_action,src/ishito/is_action.c
func_80042A88,text1a.c,126,cpu_check_run_stop,126,0,nm_cpu,src/numata/nm_cpu.c
func_80042A88,text1a.c,126,gnd_set_lights,126,0,hi_gnd,src/hide/hi_gnd.c
func_80042A88,text1a.c,126,replay_camera_rob_back_loose2,126,0,nm_replay_cam,src/numata/nm_replay_cam.c
func_80037D14,code6cac_c.c,125,_DispGradetionPanel,125,0,su_menu_vs,src/suzuki/su_menu_vs.c
func_80037D14,code6cac_c.c,125,kgm_init,125,0,hi_kgm,src/hide/hi_kgm.c
func_80037D14,code6cac_c.c,125,kgm_map_material,125,0,hi_kgm,src/hide/hi_kgm.c
func_80037D14,code6cac_c.c,125,saTan5TakeAnim4,125,0,sa_tan5,src/sato/sa_tan5.c
func_80037D14,code6cac_c.c,125,single_game_AddDay,125,0,nm_single_game,src/numata/nm_single_game.c
func_800204C0,code6cac.c,124,md_home_exec,124,0,su_menu_home,src/suzuki/su_menu_home.c
func_800204C0,code6cac.c,124,saTanMainLoadSnd,124,0,sa_tan_m,src/sato/sa_tan_m.c
func_800204C0,code6cac.c,124,single_game_SetAbilityData,124,0,nm_single_game,src/numata/nm_single_game.c
func_800204C0,code6cac.c,124,viBufAddDMA,124,0,su_movie_buf,src/suzuki/su_movie_buf.c
func_80033DF4,code6cac_b.c,124,md_home_exec,124,0,su_menu_home,src/suzuki/su_menu_home.c
func_80033DF4,code6cac_b.c,124,saTanMainLoadSnd,124,0,sa_tan_m,src/sato/sa_tan_m.c
func_80033DF4,code6cac_b.c,124,single_game_SetAbilityData,124,0,nm_single_game,src/numata/nm_single_game.c
func_80033DF4,code6cac_b.c,124,viBufAddDMA,124,0,su_movie_buf,src/suzuki/su_movie_buf.c
func_8002E838,code6cac_b.c,123,saSeInit,123,0,sa_se,src/sato/sa_se.c
func_800393C8,code6cac_c.c,123,saSeInit,123,0,sa_se,src/sato/sa_se.c
func_80022224,code6cac.c,121,_DispPlayerFace,121,0,su_menu_vs,src/suzuki/su_menu_vs.c
func_80022224,code6cac.c,121,_DispTopMenu,121,0,su_menu_tuto,src/suzuki/su_menu_tuto.c
func_80022224,code6cac.c,121,_SelectCharacterSection,121,0,su_menu_single,src/suzuki/su_menu_single.c
func_80022224,code6cac.c,121,_SelectContentsSection,121,0,su_menu_title,src/suzuki/su_menu_title.c
func_80022224,code6cac.c,121,tanren_calc_rob_pos,121,0,is_tanren,src/ishito/is_tanren.c
func_80085270,main.c,118,saTan0InfoDraw,118,0,sa_tan0,src/sato/sa_tan0.c
func_80085270,main.c,118,saTan1InfoDraw,118,0,sa_tan1,src/sato/sa_tan1.c
func_80085270,main.c,118,saTan2DrawInfo,118,0,sa_tan2,src/sato/sa_tan2.c
func_80085270,main.c,118,saTan3InfoDraw,118,0,sa_tan3,src/sato/sa_tan3.c
func_80085270,main.c,118,saTan4InfoDraw,118,0,sa_tan4,src/sato/sa_tan4.c
func_80032314,code6cac_b.c,111,Pad_Prs,111,0,is_pad,src/ishito/is_pad.c
func_80032314,code6cac_b.c,111,_DispSelectContentsMenu,111,0,su_menu_edit,src/suzuki/su_menu_edit.c
func_80032314,code6cac_b.c,111,gnd_land_hit_char_die_main,111,0,hi_landhit,src/hide/hi_landhit.c
func_800422BC,text1a.c,111,Pad_Prs,111,0,is_pad,src/ishito/is_pad.c
func_800422BC,text1a.c,111,_DispSelectContentsMenu,111,0,su_menu_edit,src/suzuki/su_menu_edit.c
func_800422BC,text1a.c,111,gnd_land_hit_char_die_main,111,0,hi_landhit,src/hide/hi_landhit.c
func_8002EA24,code6cac_b.c,110,gnd_land_hit_char_poly2,110,0,hi_landhit,src/hide/hi_landhit.c
func_8002EA24,code6cac_b.c,110,learn_CheckGameCounterUp,110,0,is_learn,src/ishito/is_learn.c
func_8002EA24,code6cac_b.c,110,md_game_check_change_main_mode_single,110,0,md_game,src/common/md_game.c
func_8002EA24,code6cac_b.c,110,mot_data_set,110,0,se_fc,src/sekikawa/se_fc.c
func_8002EA24,code6cac_b.c,110,saTan2LinePrimInit,110,0,sa_tan2,src/sato/sa_tan2.c
func_80042684,text1a.c,110,gnd_land_hit_char_poly2,110,0,hi_landhit,src/hide/hi_landhit.c
func_80042684,text1a.c,110,learn_CheckGameCounterUp,110,0,is_learn,src/ishito/is_learn.c
func_80042684,text1a.c,110,md_game_check_change_main_mode_single,110,0,md_game,src/common/md_game.c
func_80042684,text1a.c,110,mot_data_set,110,0,se_fc,src/sekikawa/se_fc.c
func_80042684,text1a.c,110,saTan2LinePrimInit,110,0,sa_tan2,src/sato/sa_tan2.c
func_8003C560,code6cac_c2.c,109,_MemoryCardSection,109,0,su_menu_title,src/suzuki/su_menu_title.c
func_8003C560,code6cac_c2.c,109,_SetContentsRGB,109,0,su_menu_title,src/suzuki/su_menu_title.c
func_8003C560,code6cac_c2.c,109,_SwordSection,109,0,su_menu_home,src/suzuki/su_menu_home.c
func_8003C560,code6cac_c2.c,109,replay_camera_rob_back_win,109,0,nm_replay_cam,src/numata/nm_replay_cam.c
func_8003C560,code6cac_c2.c,109,replay_camera_rob_back_win_near,109,0,nm_replay_cam,src/numata/nm_replay_cam.c
func_80046BF4,sound.c,109,_MemoryCardSection,109,0,su_menu_title,src/suzuki/su_menu_title.c
func_80046BF4,sound.c,109,_SetContentsRGB,109,0,su_menu_title,src/suzuki/su_menu_title.c
func_80046BF4,sound.c,109,_SwordSection,109,0,su_menu_home,src/suzuki/su_menu_home.c
func_80046BF4,sound.c,109,replay_camera_rob_back_win,109,0,nm_replay_cam,src/numata/nm_replay_cam.c
func_80046BF4,sound.c,109,replay_camera_rob_back_win_near,109,0,nm_replay_cam,src/numata/nm_replay_cam.c
func_80047BE0,sound.c,109,_MemoryCardSection,109,0,su_menu_title,src/suzuki/su_menu_title.c
func_80047BE0,sound.c,109,_SetContentsRGB,109,0,su_menu_title,src/suzuki/su_menu_title.c
func_80047BE0,sound.c,109,_SwordSection,109,0,su_menu_home,src/suzuki/su_menu_home.c
func_80047BE0,sound.c,109,replay_camera_rob_back_win,109,0,nm_replay_cam,src/numata/nm_replay_cam.c
func_80047BE0,sound.c,109,replay_camera_rob_back_win_near,109,0,nm_replay_cam,src/numata/nm_replay_cam.c
func_80035280,code6cac_b.c,108,_DispMoveType,108,0,su_menu_vs,src/suzuki/su_menu_vs.c
func_80035280,code6cac_b.c,108,_UpdateParamAction,108,0,su_menu_home,src/suzuki/su_menu_home.c
func_80035280,code6cac_b.c,108,action_defense_success_hajiki,108,0,is_action,src/ishito/is_action.c
func_80035280,code6cac_b.c,108,replay_camera_rob_upper,108,0,nm_replay_cam,src/numata/nm_replay_cam.c
func_80035280,code6cac_b.c,108,single_game_SetWazaData,108,0,nm_single_game,src/numata/nm_single_game.c
func_80016A8C,ings.c,108,_DispMoveType,108,0,su_menu_vs,src/suzuki/su_menu_vs.c
func_80016A8C,ings.c,108,_UpdateParamAction,108,0,su_menu_home,src/suzuki/su_menu_home.c
func_80016A8C,ings.c,108,action_defense_success_hajiki,108,0,is_action,src/ishito/is_action.c
func_80016A8C,ings.c,108,replay_camera_rob_upper,108,0,nm_replay_cam,src/numata/nm_replay_cam.c
func_80016A8C,ings.c,108,single_game_SetWazaData,108,0,nm_single_game,src/numata/nm_single_game.c
func_80045878,text1a.c,108,_DispMoveType,108,0,su_menu_vs,src/suzuki/su_menu_vs.c
func_80045878,text1a.c,108,_UpdateParamAction,108,0,su_menu_home,src/suzuki/su_menu_home.c
func_80045878,text1a.c,108,action_defense_success_hajiki,108,0,is_action,src/ishito/is_action.c
func_80045878,text1a.c,108,replay_camera_rob_upper,108,0,nm_replay_cam,src/numata/nm_replay_cam.c
func_80045878,text1a.c,108,single_game_SetWazaData,108,0,nm_single_game,src/numata/nm_single_game.c
func_8001F938,code6cac.c,107,mario_test_Init,107,0,nm_mario_test,src/numata/nm_mario_test.c
func_8001F938,code6cac.c,107,md_game_mode_data_restart_init,107,0,md_game,src/common/md_game.c
func_8001F938,code6cac.c,107,single_game_getCpuLevel,107,0,nm_single_game,src/numata/nm_single_game.c
func_8001A67C,code6cac.c,105,InitVertColData,105,0,am_rmd,src/amami/am_rmd.c
func_8001A67C,code6cac.c,105,_DispTarnamentOpen,105,0,su_menu_home,src/suzuki/su_menu_home.c
func_8001A67C,code6cac.c,105,_UpdateParamSection,105,0,su_menu_home,src/suzuki/su_menu_home.c
func_8001A67C,code6cac.c,105,replay_camera_rob_back_loose,105,0,nm_replay_cam,src/numata/nm_replay_cam.c
func_8001A67C,code6cac.c,105,replay_camera_rob_back_loose_near,105,0,nm_replay_cam,src/numata/nm_replay_cam.c
func_8003C714,code6cac_c2.c,104,_SetCurrentCursor,104,0,su_menu_edit,src/suzuki/su_menu_edit.c
func_8002872C,code6cac_b.c,103,_ContentsSelectSection,103,0,su_menu_edit,src/suzuki/su_menu_edit.c
func_8002872C,code6cac_b.c,103,_PS2Card_GetInfo,103,0,su_card,src/suzuki/su_card.c
func_8002872C,code6cac_b.c,103,kgm_exec_anim_ctrl,103,0,hi_kgm,src/hide/hi_kgm.c
func_8002872C,code6cac_b.c,103,md_game_check_change_main_mode_katinuki,103,0,md_game,src/common/md_game.c
func_8002872C,code6cac_b.c,103,motion_GameCalcMotion,103,0,is_motion,src/ishito/is_motion.c
func_8008A928,main.c,103,_ContentsSelectSection,103,0,su_menu_edit,src/suzuki/su_menu_edit.c
func_8008A928,main.c,103,_PS2Card_GetInfo,103,0,su_card,src/suzuki/su_card.c
func_8008A928,main.c,103,kgm_exec_anim_ctrl,103,0,hi_kgm,src/hide/hi_kgm.c
func_8008A928,main.c,103,md_game_check_change_main_mode_katinuki,103,0,md_game,src/common/md_game.c
func_8008A928,main.c,103,motion_GameCalcMotion,103,0,is_motion,src/ishito/is_motion.c
func_8002FF20,code6cac_b.c,101,SetMenuPrimTex_SPUV_RV,101,0,su_menu_tex,src/suzuki/su_menu_tex.c
func_8002FF20,code6cac_b.c,101,action_check_tubazeriai,101,0,is_action,src/ishito/is_action.c
func_8002FF20,code6cac_b.c,101,tanren_get_bamboo_anim_info,101,0,is_tanren,src/ishito/is_tanren.c
func_800475A4,sound.c,101,SetMenuPrimTex_SPUV_RV,101,0,su_menu_tex,src/suzuki/su_menu_tex.c
func_800475A4,sound.c,101,action_check_tubazeriai,101,0,is_action,src/ishito/is_action.c
func_800475A4,sound.c,101,tanren_get_bamboo_anim_info,101,0,is_tanren,src/ishito/is_tanren.c
func_8002E6B0,code6cac_b.c,98,pad_main_control,98,0,is_pad,src/ishito/is_pad.c
func_800274BC,code6cac_b.c,97,coli_RobColliScaleEditExec,97,0,is_coli,src/ishito/is_coli.c
func_800274BC,code6cac_b.c,97,efc_ougi_blur_check_status,97,0,is_efc_ougi,src/ishito/is_efc_ougi.c
func_800274BC,code6cac_b.c,97,tanren_Tan5MainInit,97,0,is_tanren,src/ishito/is_tanren.c
func_80032064,code6cac_b.c,97,coli_RobColliScaleEditExec,97,0,is_coli,src/ishito/is_coli.c
func_80032064,code6cac_b.c,97,efc_ougi_blur_check_status,97,0,is_efc_ougi,src/ishito/is_efc_ougi.c
func_80032064,code6cac_b.c,97,tanren_Tan5MainInit,97,0,is_tanren,src/ishito/is_tanren.c
func_800408F8,text1a.c,96,ang_move_rot,96,0,common,src/common/common.c
func_800408F8,text1a.c,96,rob_life_ctrl,96,0,my_rob,src/myama/my_rob.c
func_80042504,text1a.c,96,ang_move_rot,96,0,common,src/common/common.c
func_80042504,text1a.c,96,rob_life_ctrl,96,0,my_rob,src/myama/my_rob.c
func_80033BC0,code6cac_b.c,94,InitPartsVertColData,94,0,am_rmd,src/amami/am_rmd.c
func_80033BC0,code6cac_b.c,94,_CardAccessSave,94,0,su_card,src/suzuki/su_card.c
func_80033BC0,code6cac_b.c,94,_DrawTitlePrim,94,0,su_menu_title,src/suzuki/su_menu_title.c
func_80033BC0,code6cac_b.c,94,damage_attack_norm_calc,94,0,is_damage_calc,src/ishito/is_damage_calc.c
func_80033BC0,code6cac_b.c,94,mottest_disp,94,0,is_mottest,src/ishito/is_mottest.c
func_80085FB8,main.c,94,InitPartsVertColData,94,0,am_rmd,src/amami/am_rmd.c
func_80085FB8,main.c,94,_CardAccessSave,94,0,su_card,src/suzuki/su_card.c
func_80085FB8,main.c,94,_DrawTitlePrim,94,0,su_menu_title,src/suzuki/su_menu_title.c
func_80085FB8,main.c,94,damage_attack_norm_calc,94,0,is_damage_calc,src/ishito/is_damage_calc.c
func_80085FB8,main.c,94,mottest_disp,94,0,is_mottest,src/ishito/is_mottest.c
func_8001D790,code6cac.c,93,_TrainingSection,93,0,su_menu_home,src/suzuki/su_menu_home.c
func_8001D790,code6cac.c,93,rob_calc_2d_position,93,0,my_rob,src/myama/my_rob.c
func_8001D790,code6cac.c,93,saTan3CharaSibukiMove,93,0,sa_tan3,src/sato/sa_tan3.c
func_8001D790,code6cac.c,93,saTan3TakiMove,93,0,sa_tan3,src/sato/sa_tan3.c
func_8001D790,code6cac.c,93,se_data_set,93,0,md_game,src/common/md_game.c
func_8003AB44,code6cac_c.c,93,_TrainingSection,93,0,su_menu_home,src/suzuki/su_menu_home.c
func_8003AB44,code6cac_c.c,93,rob_calc_2d_position,93,0,my_rob,src/myama/my_rob.c
func_8003AB44,code6cac_c.c,93,saTan3CharaSibukiMove,93,0,sa_tan3,src/sato/sa_tan3.c
func_8003AB44,code6cac_c.c,93,saTan3TakiMove,93,0,sa_tan3,src/sato/sa_tan3.c
func_8003AB44,code6cac_c.c,93,se_data_set,93,0,md_game,src/common/md_game.c
func_80040B44,text1a.c,93,_TrainingSection,93,0,su_menu_home,src/suzuki/su_menu_home.c
func_80040B44,text1a.c,93,rob_calc_2d_position,93,0,my_rob,src/myama/my_rob.c
func_80040B44,text1a.c,93,saTan3CharaSibukiMove,93,0,sa_tan3,src/sato/sa_tan3.c
func_80040B44,text1a.c,93,saTan3TakiMove,93,0,sa_tan3,src/sato/sa_tan3.c
func_80040B44,text1a.c,93,se_data_set,93,0,md_game,src/common/md_game.c
func_8002FDB0,code6cac_b.c,92,coli_check_circle_hit_line,92,0,is_coli,src/ishito/is_coli.c
func_8002FDB0,code6cac_b.c,92,exec_replay,92,0,md_game,src/common/md_game.c
func_8002FDB0,code6cac_b.c,92,tslPolyGT3STInit,92,0,tsl_pkt,src/sato/tsl_pkt.c
func_8002FDB0,code6cac_b.c,92,tslSpriteUVInit,92,0,tsl_pkt,src/sato/tsl_pkt.c
func_80085544,main.c,91,SetBloodSpot,91,0,am_rmd,src/amami/am_rmd.c
func_80085544,main.c,91,_FormSelectSection,91,0,su_menu_home,src/suzuki/su_menu_home.c
func_80085544,main.c,91,md_single_init,91,0,su_menu_single,src/suzuki/su_menu_single.c
func_80085544,main.c,91,print_mat,91,0,se_fc,src/sekikawa/se_fc.c
func_80085544,main.c,91,saEft01Init,91,0,sa_eft,src/sato/sa_eft.c
func_80081BB0,system.c,91,SetBloodSpot,91,0,am_rmd,src/amami/am_rmd.c
func_80081BB0,system.c,91,_FormSelectSection,91,0,su_menu_home,src/suzuki/su_menu_home.c
func_80081BB0,system.c,91,md_single_init,91,0,su_menu_single,src/suzuki/su_menu_single.c
func_80081BB0,system.c,91,print_mat,91,0,se_fc,src/sekikawa/se_fc.c
func_80081BB0,system.c,91,saEft01Init,91,0,sa_eft,src/sato/sa_eft.c
func_800340A0,code6cac_b.c,88,_CheckMCStatus,88,0,su_menu_vs,src/suzuki/su_menu_vs.c
func_800340A0,code6cac_b.c,88,mk_mat_from_quaternion,88,0,se_qt,src/sekikawa/se_qt.c
func_800340A0,code6cac_b.c,88,rob_cont,88,0,se_fc,src/sekikawa/se_fc.c
func_800340A0,code6cac_b.c,88,robtest_disp,88,0,is_rob_test,src/ishito/is_rob_test.c
func_800470B0,sound.c,88,_CheckMCStatus,88,0,su_menu_vs,src/suzuki/su_menu_vs.c
func_800470B0,sound.c,88,mk_mat_from_quaternion,88,0,se_qt,src/sekikawa/se_qt.c
func_800470B0,sound.c,88,rob_cont,88,0,se_fc,src/sekikawa/se_fc.c
func_800470B0,sound.c,88,robtest_disp,88,0,is_rob_test,src/ishito/is_rob_test.c
func_800430E4,text1a.c,88,_CheckMCStatus,88,0,su_menu_vs,src/suzuki/su_menu_vs.c
func_800430E4,text1a.c,88,mk_mat_from_quaternion,88,0,se_qt,src/sekikawa/se_qt.c
func_800430E4,text1a.c,88,rob_cont,88,0,se_fc,src/sekikawa/se_fc.c
func_800430E4,text1a.c,88,robtest_disp,88,0,is_rob_test,src/ishito/is_rob_test.c
func_80030BA8,code6cac_b.c,87,_CardAccessLoad,87,0,su_card,src/suzuki/su_card.c
func_80030BA8,code6cac_b.c,87,_DispTime,87,0,su_game_tex,src/suzuki/su_game_tex.c
func_80030BA8,code6cac_b.c,87,_MemorycardSection,87,0,su_menu_home,src/suzuki/su_menu_home.c
func_80030BA8,code6cac_b.c,87,md_game_check_change_sub_mode,87,0,md_game,src/common/md_game.c
func_80030BA8,code6cac_b.c,87,pad_ClearAppliBuffer,87,0,is_pad,src/ishito/is_pad.c
func_8003A5A0,code6cac_c.c,87,_CardAccessLoad,87,0,su_card,src/suzuki/su_card.c
func_8003A5A0,code6cac_c.c,87,_DispTime,87,0,su_game_tex,src/suzuki/su_game_tex.c
func_8003A5A0,code6cac_c.c,87,_MemorycardSection,87,0,su_menu_home,src/suzuki/su_menu_home.c
func_8003A5A0,code6cac_c.c,87,md_game_check_change_sub_mode,87,0,md_game,src/common/md_game.c
func_8003A5A0,code6cac_c.c,87,pad_ClearAppliBuffer,87,0,is_pad,src/ishito/is_pad.c
func_8003BCB4,code6cac_c2.c,87,_CardAccessLoad,87,0,su_card,src/suzuki/su_card.c
func_8003BCB4,code6cac_c2.c,87,_DispTime,87,0,su_game_tex,src/suzuki/su_game_tex.c
func_8003BCB4,code6cac_c2.c,87,_MemorycardSection,87,0,su_menu_home,src/suzuki/su_menu_home.c
func_8003BCB4,code6cac_c2.c,87,md_game_check_change_sub_mode,87,0,md_game,src/common/md_game.c
func_8003BCB4,code6cac_c2.c,87,pad_ClearAppliBuffer,87,0,is_pad,src/ishito/is_pad.c
func_8003DA8C,code6cac_c2.c,86,suDispWinLogo,86,0,su_game_tex,src/suzuki/su_game_tex.c
func_8003DA8C,code6cac_c2.c,86,tslLineG5Init,86,0,tsl_pkt,src/sato/tsl_pkt.c
func_800300B4,code6cac_b.c,85,DrawTitleBG,85,0,su_menu_title,src/suzuki/su_menu_title.c
func_800300B4,code6cac_b.c,85,IsPrintMatrix,85,0,is_mathfunc,src/ishito/is_mathfunc.c
func_800300B4,code6cac_b.c,85,_DispBG,85,0,su_menu_vs,src/suzuki/su_menu_vs.c
func_800300B4,code6cac_b.c,85,_DispBG,85,0,su_menu_stage,src/suzuki/su_menu_stage.c
func_800300B4,code6cac_b.c,85,cpu_get_dir,85,0,nm_cpu,src/numata/nm_cpu.c
func_8002C0DC,code6cac_b.c,84,SetHiraBaseVertex,84,0,am_rmd,src/amami/am_rmd.c
func_8002C0DC,code6cac_b.c,84,_CreateNewFile,84,0,su_card,src/suzuki/su_card.c
func_8002C0DC,code6cac_b.c,84,_CreateNewIcon,84,0,su_card,src/suzuki/su_card.c
func_8002C0DC,code6cac_b.c,84,md_game_check_change_main_mode,84,0,md_game,src/common/md_game.c
func_8002C0DC,code6cac_b.c,84,saEft03Start,84,0,sa_eft,src/sato/sa_eft.c
func_80089D60,main.c,84,SetHiraBaseVertex,84,0,am_rmd,src/amami/am_rmd.c
func_80089D60,main.c,84,_CreateNewFile,84,0,su_card,src/suzuki/su_card.c
func_80089D60,main.c,84,_CreateNewIcon,84,0,su_card,src/suzuki/su_card.c
func_80089D60,main.c,84,md_game_check_change_main_mode,84,0,md_game,src/common/md_game.c
func_80089D60,main.c,84,saEft03Start,84,0,sa_eft,src/sato/sa_eft.c
func_80047A90,sound.c,84,SetHiraBaseVertex,84,0,am_rmd,src/amami/am_rmd.c
func_80047A90,sound.c,84,_CreateNewFile,84,0,su_card,src/suzuki/su_card.c
func_80047A90,sound.c,84,_CreateNewIcon,84,0,su_card,src/suzuki/su_card.c
func_80047A90,sound.c,84,md_game_check_change_main_mode,84,0,md_game,src/common/md_game.c
func_80047A90,sound.c,84,saEft03Start,84,0,sa_eft,src/sato/sa_eft.c
func_80019310,code6cac.c,83,_CardWriteIconFile,83,0,su_card,src/suzuki/su_card.c
func_80019310,code6cac.c,83,_TestSection,83,0,su_menu_tuto,src/suzuki/su_menu_tuto.c
func_80019310,code6cac.c,83,pad_Read,83,0,is_pad,src/ishito/is_pad.c
func_80019310,code6cac.c,83,pad_get_information,83,0,is_pad,src/ishito/is_pad.c
func_80019310,code6cac.c,83,saTan0Init,83,0,sa_tan0,src/sato/sa_tan0.c
func_80045294,text1a.c,83,_CardWriteIconFile,83,0,su_card,src/suzuki/su_card.c
func_80045294,text1a.c,83,_TestSection,83,0,su_menu_tuto,src/suzuki/su_menu_tuto.c
func_80045294,text1a.c,83,pad_Read,83,0,is_pad,src/ishito/is_pad.c
func_80045294,text1a.c,83,pad_get_information,83,0,is_pad,src/ishito/is_pad.c
func_80045294,text1a.c,83,saTan0Init,83,0,sa_tan0,src/sato/sa_tan0.c
func_800828CC,ings2.c,82,_CardIconFileOpen,82,0,su_card,src/suzuki/su_card.c
func_800828CC,ings2.c,82,cpu_check_ougi_cancel,82,0,nm_cpu,src/numata/nm_cpu.c
func_800828CC,ings2.c,82,cpu_single_personal_data_init,82,0,nm_cpu,src/numata/nm_cpu.c
func_800828CC,ings2.c,82,single_game_AddStatusUpAmari,82,0,nm_single_game,src/numata/nm_single_game.c
func_800828CC,ings2.c,82,tanren_Tan5MainControl,82,0,is_tanren,src/ishito/is_tanren.c
func_80041688,text1a.c,82,_CardIconFileOpen,82,0,su_card,src/suzuki/su_card.c
func_80041688,text1a.c,82,cpu_check_ougi_cancel,82,0,nm_cpu,src/numata/nm_cpu.c
func_80041688,text1a.c,82,cpu_single_personal_data_init,82,0,nm_cpu,src/numata/nm_cpu.c
func_80041688,text1a.c,82,single_game_AddStatusUpAmari,82,0,nm_single_game,src/numata/nm_single_game.c
func_80041688,text1a.c,82,tanren_Tan5MainControl,82,0,is_tanren,src/ishito/is_tanren.c
func_800804BC,system.c,81,MenuControlRobot,81,0,su_menu_rob,src/suzuki/su_menu_rob.c
func_800804BC,system.c,81,camera_Exec,81,0,nm_camera,src/numata/nm_camera.c
func_800804BC,system.c,81,tslPolyF4Init,81,0,tsl_pkt,src/sato/tsl_pkt.c
func_80042FA0,text1a.c,81,MenuControlRobot,81,0,su_menu_rob,src/suzuki/su_menu_rob.c
func_80042FA0,text1a.c,81,camera_Exec,81,0,nm_camera,src/numata/nm_camera.c
func_80042FA0,text1a.c,81,tslPolyF4Init,81,0,tsl_pkt,src/sato/tsl_pkt.c
func_800890D4,main.c,80,_ErrorQuitSection,80,0,su_menu_edit,src/suzuki/su_menu_edit.c
func_800890D4,main.c,80,saTan0HajimeDraw,80,0,sa_tan0,src/sato/sa_tan0.c
func_800890D4,main.c,80,saTan0SyuryoDraw,80,0,sa_tan0,src/sato/sa_tan0.c
func_800890D4,main.c,80,saTan1HajimeDraw,80,0,sa_tan1,src/sato/sa_tan1.c
func_800890D4,main.c,80,saTan1SyuryoDraw,80,0,sa_tan1,src/sato/sa_tan1.c
func_80041988,text1a.c,80,_ErrorQuitSection,80,0,su_menu_edit,src/suzuki/su_menu_edit.c
func_80041988,text1a.c,80,saTan0HajimeDraw,80,0,sa_tan0,src/sato/sa_tan0.c
func_80041988,text1a.c,80,saTan0SyuryoDraw,80,0,sa_tan0,src/sato/sa_tan0.c
func_80041988,text1a.c,80,saTan1HajimeDraw,80,0,sa_tan1,src/sato/sa_tan1.c
func_80041988,text1a.c,80,saTan1SyuryoDraw,80,0,sa_tan1,src/sato/sa_tan1.c
func_80044B30,text1a.c,80,_ErrorQuitSection,80,0,su_menu_edit,src/suzuki/su_menu_edit.c
func_80044B30,text1a.c,80,saTan0HajimeDraw,80,0,sa_tan0,src/sato/sa_tan0.c
func_80044B30,text1a.c,80,saTan0SyuryoDraw,80,0,sa_tan0,src/sato/sa_tan0.c
func_80044B30,text1a.c,80,saTan1HajimeDraw,80,0,sa_tan1,src/sato/sa_tan1.c
func_80044B30,text1a.c,80,saTan1SyuryoDraw,80,0,sa_tan1,src/sato/sa_tan1.c
func_80036FD4,code6cac_b2.c,79,_HideCharAppearCommand,79,0,su_menu_vs,src/suzuki/su_menu_vs.c
func_80036FD4,code6cac_b2.c,79,damage_DebugDisp,79,0,is_damage_calc,src/ishito/is_damage_calc.c
func_80036FD4,code6cac_b2.c,79,md_edit_exec,79,0,su_menu_edit,src/suzuki/su_menu_edit.c
func_80036FD4,code6cac_b2.c,79,md_game_mode_data_init,79,0,md_game,src/common/md_game.c
func_80036FD4,code6cac_b2.c,79,mottest_rob_init,79,0,is_mottest,src/ishito/is_mottest.c
func_8003800C,code6cac_c.c,79,_HideCharAppearCommand,79,0,su_menu_vs,src/suzuki/su_menu_vs.c
func_8003800C,code6cac_c.c,79,damage_DebugDisp,79,0,is_damage_calc,src/ishito/is_damage_calc.c
func_8003800C,code6cac_c.c,79,md_edit_exec,79,0,su_menu_edit,src/suzuki/su_menu_edit.c
func_8003800C,code6cac_c.c,79,md_game_mode_data_init,79,0,md_game,src/common/md_game.c
func_8003800C,code6cac_c.c,79,mottest_rob_init,79,0,is_mottest,src/ishito/is_mottest.c
func_80080258,system.c,78,PutShadowRmd,78,0,am_rmd,src/amami/am_rmd.c
func_80080258,system.c,78,_CardAccessDelete,78,0,su_card,src/suzuki/su_card.c
func_80080258,system.c,78,_DispCharacterName,78,0,su_menu_vs,src/suzuki/su_menu_vs.c
func_800401CC,text1a.c,78,PutShadowRmd,78,0,am_rmd,src/amami/am_rmd.c
func_800401CC,text1a.c,78,_CardAccessDelete,78,0,su_card,src/suzuki/su_card.c
func_800401CC,text1a.c,78,_DispCharacterName,78,0,su_menu_vs,src/suzuki/su_menu_vs.c
func_8001979C,code6cac.c,77,CopyToArea,77,0,su_movie_read,src/suzuki/su_movie_read.c
func_8001979C,code6cac.c,77,gnd_init,77,0,hi_gnd,src/hide/hi_gnd.c
func_8001979C,code6cac.c,77,hirahira_w_gpos,77,0,my_hirahira,src/myama/my_hirahira.c
func_8001979C,code6cac.c,77,tanren_camera_set_position,77,0,is_tanren,src/ishito/is_tanren.c
func_8002FC80,code6cac_b.c,76,_DispCharnanger,76,0,su_menu_home,src/suzuki/su_menu_home.c
func_8002FC80,code6cac_b.c,76,_OptionDisp2,76,0,su_menu_opt,src/suzuki/su_menu_opt.c
func_8002FC80,code6cac_b.c,76,_SetCamera,76,0,su_menu_rob,src/suzuki/su_menu_rob.c
func_8002FC80,code6cac_b.c,76,cpu_check_tubazeri,76,0,nm_cpu,src/numata/nm_cpu.c
func_800307D0,code6cac_b.c,76,_DispCharnanger,76,0,su_menu_home,src/suzuki/su_menu_home.c
func_800307D0,code6cac_b.c,76,_OptionDisp2,76,0,su_menu_opt,src/suzuki/su_menu_opt.c
func_800307D0,code6cac_b.c,76,_SetCamera,76,0,su_menu_rob,src/suzuki/su_menu_rob.c
func_800307D0,code6cac_b.c,76,cpu_check_tubazeri,76,0,nm_cpu,src/numata/nm_cpu.c
func_800453E0,text1a.c,76,_DispCharnanger,76,0,su_menu_home,src/suzuki/su_menu_home.c
func_800453E0,text1a.c,76,_OptionDisp2,76,0,su_menu_opt,src/suzuki/su_menu_opt.c
func_800453E0,text1a.c,76,_SetCamera,76,0,su_menu_rob,src/suzuki/su_menu_rob.c
func_800453E0,text1a.c,76,cpu_check_tubazeri,76,0,nm_cpu,src/numata/nm_cpu.c
func_80030900,code6cac_b.c,75,MovieVblankHandler,75,0,su_movie_disp,src/suzuki/su_movie_disp.c
func_80030900,code6cac_b.c,75,_CardChecking,75,0,su_card,src/suzuki/su_card.c
func_80030900,code6cac_b.c,75,calc_fc,75,0,se_fc,src/sekikawa/se_fc.c
func_80030900,code6cac_b.c,75,md_sel_init,75,0,md_sel,src/common/md_sel.c
func_80030900,code6cac_b.c,75,myRobGeneiDraw,75,0,my_eff,src/myama/my_eff.c
func_800321E8,code6cac_b.c,75,MovieVblankHandler,75,0,su_movie_disp,src/suzuki/su_movie_disp.c
func_800321E8,code6cac_b.c,75,_CardChecking,75,0,su_card,src/suzuki/su_card.c
func_800321E8,code6cac_b.c,75,calc_fc,75,0,se_fc,src/sekikawa/se_fc.c
func_800321E8,code6cac_b.c,75,md_sel_init,75,0,md_sel,src/common/md_sel.c
func_800321E8,code6cac_b.c,75,myRobGeneiDraw,75,0,my_eff,src/myama/my_eff.c
func_80080390,system.c,75,MovieVblankHandler,75,0,su_movie_disp,src/suzuki/su_movie_disp.c
func_80080390,system.c,75,_CardChecking,75,0,su_card,src/suzuki/su_card.c
func_80080390,system.c,75,calc_fc,75,0,se_fc,src/sekikawa/se_fc.c
func_80080390,system.c,75,md_sel_init,75,0,md_sel,src/common/md_sel.c
func_80080390,system.c,75,myRobGeneiDraw,75,0,my_eff,src/myama/my_eff.c
func_80041AC8,text1a.c,75,MovieVblankHandler,75,0,su_movie_disp,src/suzuki/su_movie_disp.c
func_80041AC8,text1a.c,75,_CardChecking,75,0,su_card,src/suzuki/su_card.c
func_80041AC8,text1a.c,75,calc_fc,75,0,se_fc,src/sekikawa/se_fc.c
func_80041AC8,text1a.c,75,md_sel_init,75,0,md_sel,src/common/md_sel.c
func_80041AC8,text1a.c,75,myRobGeneiDraw,75,0,my_eff,src/myama/my_eff.c
func_80030208,code6cac_b.c,73,BlurControl,73,0,main,src/common/main.c
func_80030208,code6cac_b.c,73,SetMenuPrimTex_F4,73,0,su_menu_tex,src/suzuki/su_menu_tex.c
func_80030208,code6cac_b.c,73,_CardFileCloseForComplete,73,0,su_card,src/suzuki/su_card.c
func_80030208,code6cac_b.c,73,_CardGetCheckSumData,73,0,su_card,src/suzuki/su_card.c
func_80030208,code6cac_b.c,73,ang_near_dif,73,0,common,src/common/common.c
func_8003A450,code6cac_c.c,73,BlurControl,73,0,main,src/common/main.c
func_8003A450,code6cac_c.c,73,SetMenuPrimTex_F4,73,0,su_menu_tex,src/suzuki/su_menu_tex.c
func_8003A450,code6cac_c.c,73,_CardFileCloseForComplete,73,0,su_card,src/suzuki/su_card.c
func_8003A450,code6cac_c.c,73,_CardGetCheckSumData,73,0,su_card,src/suzuki/su_card.c
func_8003A450,code6cac_c.c,73,ang_near_dif,73,0,common,src/common/common.c
func_80021280,code6cac.c,72,DispStateMessage,72,0,su_mctest,src/suzuki/su_mctest.c
func_80021280,code6cac.c,72,calc_fc_frame,72,0,se_fc,src/sekikawa/se_fc.c
func_80021280,code6cac.c,72,judge_CheckSituation,72,0,judge,src/common/judge.c
func_80021280,code6cac.c,72,title_mv_exec,72,0,su_movie_main,src/suzuki/su_movie_main.c
func_80037348,code6cac_b2.c,72,DispStateMessage,72,0,su_mctest,src/suzuki/su_mctest.c
func_80037348,code6cac_b2.c,72,calc_fc_frame,72,0,se_fc,src/sekikawa/se_fc.c
func_80037348,code6cac_b2.c,72,judge_CheckSituation,72,0,judge,src/common/judge.c
func_80037348,code6cac_b2.c,72,title_mv_exec,72,0,su_movie_main,src/suzuki/su_movie_main.c
func_800858D0,main.c,72,DispStateMessage,72,0,su_mctest,src/suzuki/su_mctest.c
func_800858D0,main.c,72,calc_fc_frame,72,0,se_fc,src/sekikawa/se_fc.c
func_800858D0,main.c,72,judge_CheckSituation,72,0,judge,src/common/judge.c
func_800858D0,main.c,72,title_mv_exec,72,0,su_movie_main,src/suzuki/su_movie_main.c
func_80044378,text1a.c,72,DispStateMessage,72,0,su_mctest,src/suzuki/su_mctest.c
func_80044378,text1a.c,72,calc_fc_frame,72,0,se_fc,src/sekikawa/se_fc.c
func_80044378,text1a.c,72,judge_CheckSituation,72,0,judge,src/common/judge.c
func_80044378,text1a.c,72,title_mv_exec,72,0,su_movie_main,src/suzuki/su_movie_main.c
func_8001E6E4,code6cac.c,71,BlurSet,71,0,main,src/common/main.c
func_8001E6E4,code6cac.c,71,TitleMenuExec,71,0,su_menu_title,src/suzuki/su_menu_title.c
func_8001E6E4,code6cac.c,71,action_UkenagashiControl,71,0,is_action,src/ishito/is_action.c
func_8001E6E4,code6cac.c,71,cpu_get_move_attack_mot_num,71,0,nm_cpu,src/numata/nm_cpu.c
func_8001E6E4,code6cac.c,71,md_game_restart_init,71,0,md_game,src/common/md_game.c
func_8003F6D8,config.c,71,BlurSet,71,0,main,src/common/main.c
func_8003F6D8,config.c,71,TitleMenuExec,71,0,su_menu_title,src/suzuki/su_menu_title.c
func_8003F6D8,config.c,71,action_UkenagashiControl,71,0,is_action,src/ishito/is_action.c
func_8003F6D8,config.c,71,cpu_get_move_attack_mot_num,71,0,nm_cpu,src/numata/nm_cpu.c
func_8003F6D8,config.c,71,md_game_restart_init,71,0,md_game,src/common/md_game.c
func_80044170,text1a.c,71,BlurSet,71,0,main,src/common/main.c
func_80044170,text1a.c,71,TitleMenuExec,71,0,su_menu_title,src/suzuki/su_menu_title.c
func_80044170,text1a.c,71,action_UkenagashiControl,71,0,is_action,src/ishito/is_action.c
func_80044170,text1a.c,71,cpu_get_move_attack_mot_num,71,0,nm_cpu,src/numata/nm_cpu.c
func_80044170,text1a.c,71,md_game_restart_init,71,0,md_game,src/common/md_game.c
func_8001BCF0,code6cac.c,70,mottest_Exec,70,0,is_mottest,src/ishito/is_mottest.c
func_8001BCF0,code6cac.c,70,suLeagueSystemInit,70,0,su_game_leauge,src/suzuki/su_game_leauge.c
func_80022F34,code6cac.c,70,mottest_Exec,70,0,is_mottest,src/ishito/is_mottest.c
func_80022F34,code6cac.c,70,suLeagueSystemInit,70,0,su_game_leauge,src/suzuki/su_game_leauge.c
func_80044CCC,text1a.c,70,mottest_Exec,70,0,is_mottest,src/ishito/is_mottest.c
func_80044CCC,text1a.c,70,suLeagueSystemInit,70,0,su_game_leauge,src/suzuki/su_game_leauge.c
func_8003F274,config.c,69,InitHiraRmd,69,0,am_rmd,src/amami/am_rmd.c
func_8003F274,config.c,69,_PlayTestSection,69,0,su_menu_edit,src/suzuki/su_menu_edit.c
func_8003F274,config.c,69,gnd_land_hit_char_poly_hoken,69,0,hi_landhit,src/hide/hi_landhit.c
func_8003F274,config.c,69,md_game_restart,69,0,md_game,src/common/md_game.c
func_8003F274,config.c,69,md_game_sub_replay_exec,69,0,md_game,src/common/md_game.c
func_8003032C,code6cac_b.c,68,cpu_get_dist,68,0,nm_cpu,src/numata/nm_cpu.c
func_8003032C,code6cac_b.c,68,gnd_init_hit,68,0,hi_gnd,src/hide/hi_gnd.c
func_8003032C,code6cac_b.c,68,gnd_set_light_point,68,0,hi_gnd,src/hide/hi_gnd.c
func_8003032C,code6cac_b.c,68,interp_loc_mat,68,0,se_fc,src/sekikawa/se_fc.c
func_8003032C,code6cac_b.c,68,md_menu_logo_exec,68,0,su_menu_logo,src/suzuki/su_menu_logo.c
func_800324D0,code6cac_b.c,68,cpu_get_dist,68,0,nm_cpu,src/numata/nm_cpu.c
func_800324D0,code6cac_b.c,68,gnd_init_hit,68,0,hi_gnd,src/hide/hi_gnd.c
func_800324D0,code6cac_b.c,68,gnd_set_light_point,68,0,hi_gnd,src/hide/hi_gnd.c
func_800324D0,code6cac_b.c,68,interp_loc_mat,68,0,se_fc,src/sekikawa/se_fc.c
func_800324D0,code6cac_b.c,68,md_menu_logo_exec,68,0,su_menu_logo,src/suzuki/su_menu_logo.c
func_8003AFFC,code6cac_c.c,68,cpu_get_dist,68,0,nm_cpu,src/numata/nm_cpu.c
func_8003AFFC,code6cac_c.c,68,gnd_init_hit,68,0,hi_gnd,src/hide/hi_gnd.c
func_8003AFFC,code6cac_c.c,68,gnd_set_light_point,68,0,hi_gnd,src/hide/hi_gnd.c
func_8003AFFC,code6cac_c.c,68,interp_loc_mat,68,0,se_fc,src/sekikawa/se_fc.c
func_8003AFFC,code6cac_c.c,68,md_menu_logo_exec,68,0,su_menu_logo,src/suzuki/su_menu_logo.c
func_800203B4,code6cac.c,67,InitPartsRmd,67,0,am_rmd,src/amami/am_rmd.c
func_800203B4,code6cac.c,67,MakePutTestMatrix,67,0,am_test,src/amami/am_test.c
func_800203B4,code6cac.c,67,StartADRSound,67,0,su_movie_main,src/suzuki/su_movie_main.c
func_800203B4,code6cac.c,67,camera_set_position_limit,67,0,nm_camera,src/numata/nm_camera.c
func_800203B4,code6cac.c,67,motion_GetTableNum,67,0,is_motion,src/ishito/is_motion.c
func_80017D84,ings.c,66,_DispTimeNumber,66,0,su_game_tex,src/suzuki/su_game_tex.c
func_80017D84,ings.c,66,damage_CheckBackAttack,66,0,is_damage_calc,src/ishito/is_damage_calc.c
func_80017D84,ings.c,66,efc_buki_draw_zanzou,66,0,is_efc_buki,src/ishito/is_efc_buki.c
func_80017D84,ings.c,66,efc_rob_Init,66,0,is_efc_rob,src/ishito/is_efc_rob.c
func_80017D84,ings.c,66,efc_rob_ougi_control,66,0,is_efc_rob,src/ishito/is_efc_rob.c
func_80084974,main.c,66,_DispTimeNumber,66,0,su_game_tex,src/suzuki/su_game_tex.c
func_80084974,main.c,66,damage_CheckBackAttack,66,0,is_damage_calc,src/ishito/is_damage_calc.c
func_80084974,main.c,66,efc_buki_draw_zanzou,66,0,is_efc_buki,src/ishito/is_efc_buki.c
func_80084974,main.c,66,efc_rob_Init,66,0,is_efc_rob,src/ishito/is_efc_rob.c
func_80084974,main.c,66,efc_rob_ougi_control,66,0,is_efc_rob,src/ishito/is_efc_rob.c
func_800806A4,system.c,65,SetMenuPrimTex_LINE,65,0,su_menu_tex,src/suzuki/su_menu_tex.c
func_800806A4,system.c,65,kgm_map,65,0,hi_kgm,src/hide/hi_kgm.c
func_800806A4,system.c,65,kgm_set_motion_ctrl,65,0,hi_kgm,src/hide/hi_kgm.c
func_800806A4,system.c,65,saTan4PrimInit,65,0,sa_tan4,src/sato/sa_tan4.c
func_800806A4,system.c,65,single_game_SetLife,65,0,nm_single_game,src/numata/nm_single_game.c
func_800826CC,system.c,65,SetMenuPrimTex_LINE,65,0,su_menu_tex,src/suzuki/su_menu_tex.c
func_800826CC,system.c,65,kgm_map,65,0,hi_kgm,src/hide/hi_kgm.c
func_800826CC,system.c,65,kgm_set_motion_ctrl,65,0,hi_kgm,src/hide/hi_kgm.c
func_800826CC,system.c,65,saTan4PrimInit,65,0,sa_tan4,src/sato/sa_tan4.c
func_800826CC,system.c,65,single_game_SetLife,65,0,nm_single_game,src/numata/nm_single_game.c
func_8003B10C,code6cac_c.c,64,_DispSingleSelect,64,0,su_menu_title,src/suzuki/su_menu_title.c
func_8003B10C,code6cac_c.c,64,camera_set_position,64,0,nm_camera,src/numata/nm_camera.c
func_8003B10C,code6cac_c.c,64,camera_set_target_position,64,0,nm_camera,src/numata/nm_camera.c
func_8003B10C,code6cac_c.c,64,coli_check_point_inside_triangle,64,0,is_coli,src/ishito/is_coli.c
func_8003B10C,code6cac_c.c,64,kgm_init_hitrect,64,0,hi_kgm,src/hide/hi_kgm.c
func_8003339C,code6cac_b.c,63,ClearScreen,63,0,su_movie_main,src/suzuki/su_movie_main.c
func_8003339C,code6cac_b.c,63,_CardIconFileClose,63,0,su_card,src/suzuki/su_card.c
func_8003339C,code6cac_b.c,63,_DispMessage,63,0,su_menu_intro,src/suzuki/su_menu_intro.c
func_8003339C,code6cac_b.c,63,cpu_check_same_dir_timer,63,0,nm_cpu,src/numata/nm_cpu.c
func_8003339C,code6cac_b.c,63,disp_mario_jimaku,63,0,am_jimaku,src/amami/am_jimaku.c
func_800832A0,ings2.c,63,ClearScreen,63,0,su_movie_main,src/suzuki/su_movie_main.c
func_800832A0,ings2.c,63,_CardIconFileClose,63,0,su_card,src/suzuki/su_card.c
func_800832A0,ings2.c,63,_DispMessage,63,0,su_menu_intro,src/suzuki/su_menu_intro.c
func_800832A0,ings2.c,63,cpu_check_same_dir_timer,63,0,nm_cpu,src/numata/nm_cpu.c
func_800832A0,ings2.c,63,disp_mario_jimaku,63,0,am_jimaku,src/amami/am_jimaku.c
func_80086BFC,main.c,63,ClearScreen,63,0,su_movie_main,src/suzuki/su_movie_main.c
func_80086BFC,main.c,63,_CardIconFileClose,63,0,su_card,src/suzuki/su_card.c
func_80086BFC,main.c,63,_DispMessage,63,0,su_menu_intro,src/suzuki/su_menu_intro.c
func_80086BFC,main.c,63,cpu_check_same_dir_timer,63,0,nm_cpu,src/numata/nm_cpu.c
func_80086BFC,main.c,63,disp_mario_jimaku,63,0,am_jimaku,src/amami/am_jimaku.c
func_80040304,text1a.c,63,ClearScreen,63,0,su_movie_main,src/suzuki/su_movie_main.c
func_80040304,text1a.c,63,_CardIconFileClose,63,0,su_card,src/suzuki/su_card.c
func_80040304,text1a.c,63,_DispMessage,63,0,su_menu_intro,src/suzuki/su_menu_intro.c
func_80040304,text1a.c,63,cpu_check_same_dir_timer,63,0,nm_cpu,src/numata/nm_cpu.c
func_80040304,text1a.c,63,disp_mario_jimaku,63,0,am_jimaku,src/amami/am_jimaku.c
func_80082C3C,ings2.c,62,motion_make_table,62,0,is_motion,src/ishito/is_motion.c
func_80082C3C,ings2.c,62,pause_menue_open_check,62,0,game_2d,src/common/game_2d.c
func_80082C3C,ings2.c,62,saPointMove,62,0,sa_tan_m,src/sato/sa_tan_m.c
func_80082C3C,ings2.c,62,videoDecCreate,62,0,su_movie_decode,src/suzuki/su_movie_decode.c
func_800432A0,text1a.c,62,motion_make_table,62,0,is_motion,src/ishito/is_motion.c
func_800432A0,text1a.c,62,pause_menue_open_check,62,0,game_2d,src/common/game_2d.c
func_800432A0,text1a.c,62,saPointMove,62,0,sa_tan_m,src/sato/sa_tan_m.c
func_800432A0,text1a.c,62,videoDecCreate,62,0,su_movie_decode,src/suzuki/su_movie_decode.c
func_80017FA0,code6cac.c,61,MovieDispClear,61,0,su_movie_disp,src/suzuki/su_movie_disp.c
func_80017FA0,code6cac.c,61,SetHiraDataToHiraBody,61,0,am_rmd,src/amami/am_rmd.c
func_80017FA0,code6cac.c,61,_FormSection,61,0,su_menu_home,src/suzuki/su_menu_home.c
func_80017FA0,code6cac.c,61,action_check_ukenagashi,61,0,is_action,src/ishito/is_action.c
func_80017FA0,code6cac.c,61,getScreenPosition,61,0,nm_camera,src/numata/nm_camera.c
func_8001BAE4,code6cac.c,61,MovieDispClear,61,0,su_movie_disp,src/suzuki/su_movie_disp.c
func_8001BAE4,code6cac.c,61,SetHiraDataToHiraBody,61,0,am_rmd,src/amami/am_rmd.c
func_8001BAE4,code6cac.c,61,_FormSection,61,0,su_menu_home,src/suzuki/su_menu_home.c
func_8001BAE4,code6cac.c,61,action_check_ukenagashi,61,0,is_action,src/ishito/is_action.c
func_8001BAE4,code6cac.c,61,getScreenPosition,61,0,nm_camera,src/numata/nm_camera.c
func_80087CAC,main.c,61,MovieDispClear,61,0,su_movie_disp,src/suzuki/su_movie_disp.c
func_80087CAC,main.c,61,SetHiraDataToHiraBody,61,0,am_rmd,src/amami/am_rmd.c
func_80087CAC,main.c,61,_FormSection,61,0,su_menu_home,src/suzuki/su_menu_home.c
func_80087CAC,main.c,61,action_check_ukenagashi,61,0,is_action,src/ishito/is_action.c
func_80087CAC,main.c,61,getScreenPosition,61,0,nm_camera,src/numata/nm_camera.c
func_8001EEB4,code6cac.c,59,_CardSearchIconFile,59,0,su_card,src/suzuki/su_card.c
func_8001EEB4,code6cac.c,59,_CreateNewDirectory,59,0,su_card,src/suzuki/su_card.c
func_8001EEB4,code6cac.c,59,_PS2Card_SearchFile,59,0,su_card,src/suzuki/su_card.c
func_8001EEB4,code6cac.c,59,coli_CheckCircleHitLine,59,0,is_coli,src/ishito/is_coli.c
func_8001EEB4,code6cac.c,59,hirahira_w_frie,59,0,my_hirahira,src/myama/my_hirahira.c
func_8003D9A0,code6cac_c2.c,59,_CardSearchIconFile,59,0,su_card,src/suzuki/su_card.c
func_8003D9A0,code6cac_c2.c,59,_CreateNewDirectory,59,0,su_card,src/suzuki/su_card.c
func_8003D9A0,code6cac_c2.c,59,_PS2Card_SearchFile,59,0,su_card,src/suzuki/su_card.c
func_8003D9A0,code6cac_c2.c,59,coli_CheckCircleHitLine,59,0,is_coli,src/ishito/is_coli.c
func_8003D9A0,code6cac_c2.c,59,hirahira_w_frie,59,0,my_hirahira,src/myama/my_hirahira.c
func_8004428C,text1a.c,59,_CardSearchIconFile,59,0,su_card,src/suzuki/su_card.c
func_8004428C,text1a.c,59,_CreateNewDirectory,59,0,su_card,src/suzuki/su_card.c
func_8004428C,text1a.c,59,_PS2Card_SearchFile,59,0,su_card,src/suzuki/su_card.c
func_8004428C,text1a.c,59,coli_CheckCircleHitLine,59,0,is_coli,src/ishito/is_coli.c
func_8004428C,text1a.c,59,hirahira_w_frie,59,0,my_hirahira,src/myama/my_hirahira.c
func_80083A48,ings2.c,58,SetLightEffectSpd,58,0,am_light_eff,src/amami/am_light_eff.c
func_80083A48,ings2.c,58,SetSaveVcCtrl,58,0,am_rmd,src/amami/am_rmd.c
func_80083A48,ings2.c,58,_DoContentsAnimetion,58,0,su_menu_title,src/suzuki/su_menu_title.c
func_80083A48,ings2.c,58,ki_normal,58,0,is_ki_control,src/ishito/is_ki_control.c
func_80083A48,ings2.c,58,md_game_check_change_main_mode_default,58,0,md_game,src/common/md_game.c
func_80030A2C,code6cac_b.c,57,SetMenuPrimTex_G4,57,0,su_menu_tex,src/suzuki/su_menu_tex.c
func_80030A2C,code6cac_b.c,57,_DispTexData,57,0,su_menu_tuto,src/suzuki/su_menu_tuto.c
func_80030A2C,code6cac_b.c,57,cpu_set_move_command_and_dir,57,0,nm_cpu,src/numata/nm_cpu.c
func_80030A2C,code6cac_b.c,57,md_boot_card_exec,57,0,su_menu_mc,src/suzuki/su_menu_mc.c
func_80030A2C,code6cac_b.c,57,motutil_CheckKatanaPosition,57,0,is_motutil,src/ishito/is_motutil.c
func_8003AE5C,code6cac_c.c,57,SetMenuPrimTex_G4,57,0,su_menu_tex,src/suzuki/su_menu_tex.c
func_8003AE5C,code6cac_c.c,57,_DispTexData,57,0,su_menu_tuto,src/suzuki/su_menu_tuto.c
func_8003AE5C,code6cac_c.c,57,cpu_set_move_command_and_dir,57,0,nm_cpu,src/numata/nm_cpu.c
func_8003AE5C,code6cac_c.c,57,md_boot_card_exec,57,0,su_menu_mc,src/suzuki/su_menu_mc.c
func_8003AE5C,code6cac_c.c,57,motutil_CheckKatanaPosition,57,0,is_motutil,src/ishito/is_motutil.c
func_8003D39C,code6cac_c2.c,55,MakeShadowRmdPacket,55,0,am_rmd,src/amami/am_rmd.c
func_8003D39C,code6cac_c2.c,55,PutHiraShadowRmd,55,0,am_rmd,src/amami/am_rmd.c
func_8003D39C,code6cac_c2.c,55,_CheckEnableCntMoves,55,0,su_menu_edit,src/suzuki/su_menu_edit.c
func_8003D39C,code6cac_c2.c,55,_DispSchoolCursor,55,0,su_menu_single,src/suzuki/su_menu_single.c
func_8003D39C,code6cac_c2.c,55,_McAccessSection,55,0,su_menu_vs,src/suzuki/su_menu_vs.c
func_80083794,ings2.c,54,_PS2Card_Read,54,0,su_card,src/suzuki/su_card.c
func_80083794,ings2.c,54,gnd_load_data,54,0,hi_gnd,src/hide/hi_gnd.c
func_80083794,ings2.c,54,marionation_camera_Init,54,0,nm_mario_cam,src/numata/nm_mario_cam.c
func_80083794,ings2.c,54,md_game_sound_contorol,54,0,md_game,src/common/md_game.c
func_80083794,ings2.c,54,motion_Open,54,0,is_motion,src/ishito/is_motion.c
func_800871D4,main.c,52,_PS2Card_CreateFile,52,0,su_card,src/suzuki/su_card.c
func_800871D4,main.c,52,_PS2Card_FileOpen,52,0,su_card,src/suzuki/su_card.c
func_800871D4,main.c,52,efc_rob_set_type_line,52,0,is_efc_rob,src/ishito/is_efc_rob.c
func_800871D4,main.c,52,motutil_CheckRightFootFront,52,0,is_motutil,src/ishito/is_motutil.c
func_800871D4,main.c,52,motutil_GetAngTableNum,52,0,is_motutil,src/ishito/is_motutil.c
func_8001DA8C,code6cac.c,51,SetADSData,51,0,su_movie_read,src/suzuki/su_movie_read.c
func_8001DA8C,code6cac.c,51,_PS2Card_FileDelete,51,0,su_card,src/suzuki/su_card.c
func_8001DA8C,code6cac.c,51,_PS2Card_Write,51,0,su_card,src/suzuki/su_card.c
func_8001DA8C,code6cac.c,51,action_CheckHitZangekiForReplay,51,0,is_action,src/ishito/is_action.c
func_8001DA8C,code6cac.c,51,camera_SetMatrix,51,0,nm_camera,src/numata/nm_camera.c
func_800278C0,code6cac_b.c,51,SetADSData,51,0,su_movie_read,src/suzuki/su_movie_read.c
func_800278C0,code6cac_b.c,51,_PS2Card_FileDelete,51,0,su_card,src/suzuki/su_card.c
func_800278C0,code6cac_b.c,51,_PS2Card_Write,51,0,su_card,src/suzuki/su_card.c
func_800278C0,code6cac_b.c,51,action_CheckHitZangekiForReplay,51,0,is_action,src/ishito/is_action.c
func_800278C0,code6cac_b.c,51,camera_SetMatrix,51,0,nm_camera,src/numata/nm_camera.c
func_80037F40,code6cac_c.c,51,SetADSData,51,0,su_movie_read,src/suzuki/su_movie_read.c
func_80037F40,code6cac_c.c,51,_PS2Card_FileDelete,51,0,su_card,src/suzuki/su_card.c
func_80037F40,code6cac_c.c,51,_PS2Card_Write,51,0,su_card,src/suzuki/su_card.c
func_80037F40,code6cac_c.c,51,action_CheckHitZangekiForReplay,51,0,is_action,src/ishito/is_action.c
func_80037F40,code6cac_c.c,51,camera_SetMatrix,51,0,nm_camera,src/numata/nm_camera.c
func_800836C8,ings2.c,51,SetADSData,51,0,su_movie_read,src/suzuki/su_movie_read.c
func_800836C8,ings2.c,51,_PS2Card_FileDelete,51,0,su_card,src/suzuki/su_card.c
func_800836C8,ings2.c,51,_PS2Card_Write,51,0,su_card,src/suzuki/su_card.c
func_800836C8,ings2.c,51,action_CheckHitZangekiForReplay,51,0,is_action,src/ishito/is_action.c
func_800836C8,ings2.c,51,camera_SetMatrix,51,0,nm_camera,src/numata/nm_camera.c
func_80034F88,code6cac_b.c,49,ADSFileRead,49,0,su_movie_read,src/suzuki/su_movie_read.c
func_80034F88,code6cac_b.c,49,AddTbpOfst,49,0,am_rmd,src/amami/am_rmd.c
func_80034F88,code6cac_b.c,49,kgm_disp,49,0,hi_kgm,src/hide/hi_kgm.c
func_80034F88,code6cac_b.c,49,motion_GetPresetAttackShiftFrame,49,0,is_motion,src/ishito/is_motion.c
func_80034F88,code6cac_b.c,49,rob_set_pset_attack_id_for_mode,49,0,my_rob,src/myama/my_rob.c
func_80087E3C,main.c,49,ADSFileRead,49,0,su_movie_read,src/suzuki/su_movie_read.c
func_80087E3C,main.c,49,AddTbpOfst,49,0,am_rmd,src/amami/am_rmd.c
func_80087E3C,main.c,49,kgm_disp,49,0,hi_kgm,src/hide/hi_kgm.c
func_80087E3C,main.c,49,motion_GetPresetAttackShiftFrame,49,0,is_motion,src/ishito/is_motion.c
func_80087E3C,main.c,49,rob_set_pset_attack_id_for_mode,49,0,my_rob,src/myama/my_rob.c
func_8004473C,text1a.c,49,ADSFileRead,49,0,su_movie_read,src/suzuki/su_movie_read.c
func_8004473C,text1a.c,49,AddTbpOfst,49,0,am_rmd,src/amami/am_rmd.c
func_8004473C,text1a.c,49,kgm_disp,49,0,hi_kgm,src/hide/hi_kgm.c
func_8004473C,text1a.c,49,motion_GetPresetAttackShiftFrame,49,0,is_motion,src/ishito/is_motion.c
func_8004473C,text1a.c,49,rob_set_pset_attack_id_for_mode,49,0,my_rob,src/myama/my_rob.c
func_800466C0,text1a.c,48,_BootMemoryAccessSection,48,0,su_menu_mc,src/suzuki/su_menu_mc.c
func_800466C0,text1a.c,48,_GotoGameSection,48,0,su_menu_title,src/suzuki/su_menu_title.c
func_800466C0,text1a.c,48,action_defense_decision,48,0,is_action,src/ishito/is_action.c
func_800466C0,text1a.c,48,cpu_check_run_start,48,0,nm_cpu,src/numata/nm_cpu.c
func_800466C0,text1a.c,48,disp_shadow,48,0,am_rmd,src/amami/am_rmd.c
func_80033D38,code6cac_b.c,47,SetColorToRmd,47,0,am_rmd,src/amami/am_rmd.c
func_80033D38,code6cac_b.c,47,ang_hosei,47,0,common,src/common/common.c
func_80033D38,code6cac_b.c,47,audioDecReset,47,0,su_movie_decode,src/suzuki/su_movie_decode.c
func_80033D38,code6cac_b.c,47,md_stage_sel_exec,47,0,su_menu_stage,src/suzuki/su_menu_stage.c
func_80033D38,code6cac_b.c,47,motutil_CheckKamaeReq,47,0,is_motutil,src/ishito/is_motutil.c
func_80043C7C,text1a.c,46,CtrlBloodSpot,46,0,am_rmd,src/amami/am_rmd.c
func_80043C7C,text1a.c,46,SetShadowTexReg,46,0,am_rmd,src/amami/am_rmd.c
func_80043C7C,text1a.c,46,_PS2Card_Format,46,0,su_card,src/suzuki/su_card.c
func_80043C7C,text1a.c,46,gnd_land_hit_float,46,0,hi_landhit,src/hide/hi_landhit.c
func_80043C7C,text1a.c,46,gnd_set_fog,46,0,hi_gnd,src/hide/hi_gnd.c
func_80043DE0,text1a.c,46,CtrlBloodSpot,46,0,am_rmd,src/amami/am_rmd.c
func_80043DE0,text1a.c,46,SetShadowTexReg,46,0,am_rmd,src/amami/am_rmd.c
func_80043DE0,text1a.c,46,_PS2Card_Format,46,0,su_card,src/suzuki/su_card.c
func_80043DE0,text1a.c,46,gnd_land_hit_float,46,0,hi_landhit,src/hide/hi_landhit.c
func_80043DE0,text1a.c,46,gnd_set_fog,46,0,hi_gnd,src/hide/hi_gnd.c
func_8002738C,code6cac_b.c,43,kgm_map_gnd,43,0,hi_kgm,src/hide/hi_kgm.c
func_8002738C,code6cac_b.c,43,saTan1Exec,43,0,sa_tan1,src/sato/sa_tan1.c
func_8002738C,code6cac_b.c,43,single_game_getMarioVoiceDataNum,43,0,nm_single_game,src/numata/nm_single_game.c
func_8002738C,code6cac_b.c,43,single_game_get_dojo_yaburi_char_id,43,0,nm_single_game,src/numata/nm_single_game.c
func_8002738C,code6cac_b.c,43,tslDrTex1Init,43,0,tsl_pkt,src/sato/tsl_pkt.c
func_8003553C,code6cac_b2.c,43,kgm_map_gnd,43,0,hi_kgm,src/hide/hi_kgm.c
func_8003553C,code6cac_b2.c,43,saTan1Exec,43,0,sa_tan1,src/sato/sa_tan1.c
func_8003553C,code6cac_b2.c,43,single_game_getMarioVoiceDataNum,43,0,nm_single_game,src/numata/nm_single_game.c
func_8003553C,code6cac_b2.c,43,single_game_get_dojo_yaburi_char_id,43,0,nm_single_game,src/numata/nm_single_game.c
func_8003553C,code6cac_b2.c,43,tslDrTex1Init,43,0,tsl_pkt,src/sato/tsl_pkt.c
func_80043BD0,text1a.c,43,kgm_map_gnd,43,0,hi_kgm,src/hide/hi_kgm.c
func_80043BD0,text1a.c,43,saTan1Exec,43,0,sa_tan1,src/sato/sa_tan1.c
func_80043BD0,text1a.c,43,single_game_getMarioVoiceDataNum,43,0,nm_single_game,src/numata/nm_single_game.c
func_80043BD0,text1a.c,43,single_game_get_dojo_yaburi_char_id,43,0,nm_single_game,src/numata/nm_single_game.c
func_80043BD0,text1a.c,43,tslDrTex1Init,43,0,tsl_pkt,src/sato/tsl_pkt.c
func_80043D34,text1a.c,43,kgm_map_gnd,43,0,hi_kgm,src/hide/hi_kgm.c
func_80043D34,text1a.c,43,saTan1Exec,43,0,sa_tan1,src/sato/sa_tan1.c
func_80043D34,text1a.c,43,single_game_getMarioVoiceDataNum,43,0,nm_single_game,src/numata/nm_single_game.c
func_80043D34,text1a.c,43,single_game_get_dojo_yaburi_char_id,43,0,nm_single_game,src/numata/nm_single_game.c
func_80043D34,text1a.c,43,tslDrTex1Init,43,0,tsl_pkt,src/sato/tsl_pkt.c
func_80034200,code6cac_b.c,40,ApplicationInitialize,40,0,main,src/common/main.c
func_80034200,code6cac_b.c,40,SetHiraVertex,40,0,am_rmd,src/amami/am_rmd.c
func_80034200,code6cac_b.c,40,_CardAskMakeNewFile,40,0,su_card,src/suzuki/su_card.c
func_80034200,code6cac_b.c,40,_DispNumber2,40,0,su_menu_vs,src/suzuki/su_menu_vs.c
func_80034200,code6cac_b.c,40,_GetBattleSwichData,40,0,su_menu_home,src/suzuki/su_menu_home.c
func_80036D98,code6cac_b2.c,39,GetAllocPartsDataSize,39,0,am_rmd,src/amami/am_rmd.c
func_80036D98,code6cac_b2.c,39,_CardDataFileOpen_Sub,39,0,su_card,src/suzuki/su_card.c
func_80036D98,code6cac_b2.c,39,cpu_chase_move_dir,39,0,nm_cpu,src/numata/nm_cpu.c
func_80036D98,code6cac_b2.c,39,cpu_check_continue_off_act,39,0,nm_cpu,src/numata/nm_cpu.c
func_80036D98,code6cac_b2.c,39,damage_CalcHitDamage,39,0,is_damage_calc,src/ishito/is_damage_calc.c
func_8003880C,code6cac_c.c,39,GetAllocPartsDataSize,39,0,am_rmd,src/amami/am_rmd.c
func_8003880C,code6cac_c.c,39,_CardDataFileOpen_Sub,39,0,su_card,src/suzuki/su_card.c
func_8003880C,code6cac_c.c,39,cpu_chase_move_dir,39,0,nm_cpu,src/numata/nm_cpu.c
func_8003880C,code6cac_c.c,39,cpu_check_continue_off_act,39,0,nm_cpu,src/numata/nm_cpu.c
func_8003880C,code6cac_c.c,39,damage_CalcHitDamage,39,0,is_damage_calc,src/ishito/is_damage_calc.c
func_80082A14,ings2.c,39,GetAllocPartsDataSize,39,0,am_rmd,src/amami/am_rmd.c
func_80082A14,ings2.c,39,_CardDataFileOpen_Sub,39,0,su_card,src/suzuki/su_card.c
func_80082A14,ings2.c,39,cpu_chase_move_dir,39,0,nm_cpu,src/numata/nm_cpu.c
func_80082A14,ings2.c,39,cpu_check_continue_off_act,39,0,nm_cpu,src/numata/nm_cpu.c
func_80082A14,ings2.c,39,damage_CalcHitDamage,39,0,is_damage_calc,src/ishito/is_damage_calc.c
func_80030B10,code6cac_b.c,38,DispSetOptionClip,38,0,clip,src/common/clip.c
func_80030B10,code6cac_b.c,38,audioDecPause,38,0,su_movie_decode,src/suzuki/su_movie_decode.c
func_80030B10,code6cac_b.c,38,gnd_load_tex,38,0,hi_gnd,src/hide/hi_gnd.c
func_80030B10,code6cac_b.c,38,kgm_map_materialset,38,0,hi_kgm,src/hide/hi_kgm.c
func_80030B10,code6cac_b.c,38,motion_shift_check_e_kawashi,38,0,is_motion,src/ishito/is_motion.c
func_8003D888,code6cac_c2.c,37,TmlLoadImage,37,0,am_rmd,src/amami/am_rmd.c
func_8003D888,code6cac_c2.c,37,_CardStart,37,0,su_card,src/suzuki/su_card.c
func_8003D888,code6cac_c2.c,37,audioDecStart,37,0,su_movie_decode,src/suzuki/su_movie_decode.c
func_8003D888,code6cac_c2.c,37,camera_CloseTag,37,0,nm_camera,src/numata/nm_camera.c
func_8003D888,code6cac_c2.c,37,coli_calc_motion,37,0,is_coli,src/ishito/is_coli.c
func_8008ACD0,main.c,37,TmlLoadImage,37,0,am_rmd,src/amami/am_rmd.c
func_8008ACD0,main.c,37,_CardStart,37,0,su_card,src/suzuki/su_card.c
func_8008ACD0,main.c,37,audioDecStart,37,0,su_movie_decode,src/suzuki/su_movie_decode.c
func_8008ACD0,main.c,37,camera_CloseTag,37,0,nm_camera,src/numata/nm_camera.c
func_8008ACD0,main.c,37,coli_calc_motion,37,0,is_coli,src/ishito/is_coli.c
func_80040CB8,text1a.c,36,SetMenuRobotMotion,36,0,su_menu_rob,src/suzuki/su_menu_rob.c
func_80040CB8,text1a.c,36,_CardFormatting,36,0,su_card,src/suzuki/su_card.c
func_80040CB8,text1a.c,36,_CountMovieTimer,36,0,su_menu_title,src/suzuki/su_menu_title.c
func_80040CB8,text1a.c,36,_SelectYesNoAction,36,0,su_menu_edit,src/suzuki/su_menu_edit.c
func_80040CB8,text1a.c,36,audioDecBeginPut,36,0,su_movie_decode,src/suzuki/su_movie_decode.c
func_80086130,main.c,35,HiraRmdAddTbpOfst,35,0,am_rmd,src/amami/am_rmd.c
func_80086130,main.c,35,Pad_Dcl,35,0,is_pad,src/ishito/is_pad.c
func_80086130,main.c,35,PartsRmdAddTbpOfst,35,0,am_rmd,src/amami/am_rmd.c
func_80086130,main.c,35,_DispCharName,35,0,su_game_tex,src/suzuki/su_game_tex.c
func_80086130,main.c,35,action_check_defense,35,0,is_action,src/ishito/is_action.c
func_80089EB0,main.c,35,HiraRmdAddTbpOfst,35,0,am_rmd,src/amami/am_rmd.c
func_80089EB0,main.c,35,Pad_Dcl,35,0,is_pad,src/ishito/is_pad.c
func_80089EB0,main.c,35,PartsRmdAddTbpOfst,35,0,am_rmd,src/amami/am_rmd.c
func_80089EB0,main.c,35,_DispCharName,35,0,su_game_tex,src/suzuki/su_game_tex.c
func_80089EB0,main.c,35,action_check_defense,35,0,is_action,src/ishito/is_action.c
func_80027438,code6cac_b.c,33,ADSFileOpen,33,0,su_movie_read,src/suzuki/su_movie_read.c
func_80027438,code6cac_b.c,33,GetAllocHiraDataSize,33,0,am_rmd,src/amami/am_rmd.c
func_80027438,code6cac_b.c,33,MenuEndRobot,33,0,su_menu_rob,src/suzuki/su_menu_rob.c
func_80027438,code6cac_b.c,33,SetHiraDataToShadowRob,33,0,am_rmd,src/amami/am_rmd.c
func_80027438,code6cac_b.c,33,_CardCheckPulled,33,0,su_card,src/suzuki/su_card.c
func_80037A20,code6cac_c.c,33,ADSFileOpen,33,0,su_movie_read,src/suzuki/su_movie_read.c
func_80037A20,code6cac_c.c,33,GetAllocHiraDataSize,33,0,am_rmd,src/amami/am_rmd.c
func_80037A20,code6cac_c.c,33,MenuEndRobot,33,0,su_menu_rob,src/suzuki/su_menu_rob.c
func_80037A20,code6cac_c.c,33,SetHiraDataToShadowRob,33,0,am_rmd,src/amami/am_rmd.c
func_80037A20,code6cac_c.c,33,_CardCheckPulled,33,0,su_card,src/suzuki/su_card.c
func_800167EC,ings.c,31,CtrlVertCol,31,0,am_rmd,src/amami/am_rmd.c
func_800167EC,ings.c,31,SaScreenShot,31,0,main,src/common/main.c
func_800167EC,ings.c,31,SetOfstVcolTbl,31,0,am_rmd,src/amami/am_rmd.c
func_800167EC,ings.c,31,camera_get_rot_normal_rad,31,0,nm_camera,src/numata/nm_camera.c
func_800167EC,ings.c,31,coli_CheckRobEnemy,31,0,is_coli,src/ishito/is_coli.c
func_80033498,code6cac_b.c,30,ResetVertexColor,30,0,am_rmd,src/amami/am_rmd.c
func_80033498,code6cac_b.c,30,efc_rob_Control,30,0,is_efc_rob,src/ishito/is_efc_rob.c
func_80033498,code6cac_b.c,30,efc_rob_Disp,30,0,is_efc_rob,src/ishito/is_efc_rob.c
func_80033498,code6cac_b.c,30,katinuki_game_VoiceContorol,30,0,nm_katinuki_game,src/numata/nm_katinuki_game.c
func_80033498,code6cac_b.c,30,ki_attack_ougi,30,0,is_ki_control,src/ishito/is_ki_control.c
func_8003D330,code6cac_c2.c,27,FreeADRSoundData,27,0,su_movie_main,src/suzuki/su_movie_main.c
func_8003D330,code6cac_c2.c,27,GetAllocPacketSize,27,0,am_rmd,src/amami/am_rmd.c
func_8003D330,code6cac_c2.c,27,InitTNData,27,0,su_menu_vs,src/suzuki/su_menu_vs.c
func_8003D330,code6cac_c2.c,27,InitVSData,27,0,su_menu_vs,src/suzuki/su_menu_vs.c
func_8003D330,code6cac_c2.c,27,ReturnVTMenu,27,0,su_menu_stage,src/suzuki/su_menu_stage.c
