file_id,name_vaddr,group,filename,content_guess,start_sector,len_sectors,byte_offset,byte_length
0,0x80010dec,DATA1,DATA1\HAND.DAT,hand / cursor data,0,73,0,149504
1,0x80010dfc,DATA7,DATA7\MAR22_13.DAT,marionation animation,73,70,149504,143360
2,0x80010e10,DATA7,DATA7\MAR22_12.DAT,marionation animation,143,73,292864,149504
3,0x80010e24,DATA7,DATA7\MAR22_11.DAT,marionation animation,216,72,442368,147456
4,0x80010e38,DATA7,DATA7\MAR22_10.DAT,marionation animation,288,71,589824,145408
5,0x80010e4c,DATA7,DATA7\MAR22_09.DAT,marionation animation,359,73,735232,149504
6,0x80010e60,DATA7,DATA7\MAR22_08.DAT,marionation animation,432,72,884736,147456
7,0x80010e74,DATA7,DATA7\MAR22_07.DAT,marionation animation,504,68,1032192,139264
8,0x80010e88,DATA7,DATA7\MAR22_06.DAT,marionation animation,572,65,1171456,133120
9,0x80010e9c,DATA7,DATA7\MAR22_05.DAT,marionation animation,637,74,1304576,151552
10,0x80010eb0,DATA7,DATA7\MAR22_04.DAT,marionation animation,711,61,1456128,124928
11,0x80010ec4,DATA7,DATA7\MAR22_03.DAT,marionation animation,772,62,1581056,126976
12,0x80010ed8,DATA7,DATA7\MAR22_02.DAT,marionation animation,834,77,1708032,157696
13,0x80010eec,DATA7,DATA7\MAR22_01.DAT,marionation animation,911,59,1865728,120832
14,0x80010f00,DATA7,DATA7\MAR22_00.DAT,marionation animation,970,70,1986560,143360
15,0x80010f14,DATA7,DATA7\MAR21_34.DAT,marionation animation,1040,69,2129920,141312
16,0x80010f28,DATA7,DATA7\MAR21_33.DAT,marionation animation,1109,73,2271232,149504
17,0x80010f3c,DATA7,DATA7\MAR21_32.DAT,marionation animation,1182,73,2420736,149504
18,0x80010f50,DATA7,DATA7\MAR21_31.DAT,marionation animation,1255,73,2570240,149504
19,0x80010f64,DATA7,DATA7\MAR21_30.DAT,marionation animation,1328,74,2719744,151552
20,0x80010f78,DATA7,DATA7\MAR21_29.DAT,marionation animation,1402,71,2871296,145408
21,0x80010f8c,DATA7,DATA7\MAR21_28.DAT,marionation animation,1473,70,3016704,143360
22,0x80010fa0,DATA7,DATA7\MAR21_27.DAT,marionation animation,1543,69,3160064,141312
23,0x80010fb4,DATA7,DATA7\MAR21_26.DAT,marionation animation,1612,65,3301376,133120
24,0x80010fc8,DATA7,DATA7\MAR21_25.DAT,marionation animation,1677,68,3434496,139264
25,0x80010fdc,DATA7,DATA7\MAR21_24.DAT,marionation animation,1745,64,3573760,131072
26,0x80010ff0,DATA7,DATA7\MAR21_23.DAT,marionation animation,1809,66,3704832,135168
27,0x80011004,DATA7,DATA7\MAR21_22.DAT,marionation animation,1875,72,3840000,147456
28,0x80011018,DATA7,DATA7\MAR21_21.DAT,marionation animation,1947,68,3987456,139264
29,0x8001102c,DATA7,DATA7\MAR21_20.DAT,marionation animation,2015,77,4126720,157696
30,0x80011040,DATA7,DATA7\MAR21_19.DAT,marionation animation,2092,82,4284416,167936
31,0x80011054,DATA7,DATA7\MAR21_18.DAT,marionation animation,2174,19,4452352,38912
32,0x80011068,DATA7,DATA7\MAR21_17.DAT,marionation animation,2193,26,4491264,53248
33,0x8001107c,DATA7,DATA7\MAR21_16.DAT,marionation animation,2219,23,4544512,47104
34,0x80011090,DATA7,DATA7\MAR21_15.DAT,marionation animation,2242,25,4591616,51200
35,0x800110a4,DATA7,DATA7\MAR21_14.DAT,marionation animation,2267,36,4642816,73728
36,0x800110b8,DATA7,DATA7\MAR21_13.DAT,marionation animation,2303,76,4716544,155648
37,0x800110cc,DATA7,DATA7\MAR21_12.DAT,marionation animation,2379,131,4872192,268288
38,0x800110e0,DATA7,DATA7\MAR21_11.DAT,marionation animation,2510,132,5140480,270336
39,0x800110f4,DATA7,DATA7\MAR21_10.DAT,marionation animation,2642,53,5410816,108544
40,0x80011108,DATA7,DATA7\MAR21_09.DAT,marionation animation,2695,68,5519360,139264
41,0x8001111c,DATA7,DATA7\MAR21_08.DAT,marionation animation,2763,69,5658624,141312
42,0x80011130,DATA7,DATA7\MAR21_07.DAT,marionation animation,2832,77,5799936,157696
43,0x80011144,DATA7,DATA7\MAR21_06.DAT,marionation animation,2909,77,5957632,157696
44,0x80011158,DATA7,DATA7\MAR21_05.DAT,marionation animation,2986,68,6115328,139264
45,0x8001116c,DATA7,DATA7\MAR21_04.DAT,marionation animation,3054,74,6254592,151552
46,0x80011180,DATA7,DATA7\MAR21_03.DAT,marionation animation,3128,51,6406144,104448
47,0x80011194,DATA7,DATA7\MAR21_02.DAT,marionation animation,3179,71,6510592,145408
48,0x800111a8,DATA7,DATA7\MAR21_01.DAT,marionation animation,3250,77,6656000,157696
49,0x800111bc,DATA7,DATA7\MAR21_00.DAT,marionation animation,3327,72,6813696,147456
50,0x800111d0,DATA7,DATA7\MAR20_34.DAT,marionation animation,3399,49,6961152,100352
51,0x800111e4,DATA7,DATA7\MAR20_33.DAT,marionation animation,3448,53,7061504,108544
52,0x800111f8,DATA7,DATA7\MAR20_32.DAT,marionation animation,3501,70,7170048,143360
53,0x8001120c,DATA7,DATA7\MAR20_31.DAT,marionation animation,3571,59,7313408,120832
54,0x80011220,DATA7,DATA7\MAR20_30.DAT,marionation animation,3630,50,7434240,102400
55,0x80011234,DATA7,DATA7\MAR20_29.DAT,marionation animation,3680,72,7536640,147456
56,0x80011248,DATA7,DATA7\MAR20_28.DAT,marionation animation,3752,56,7684096,114688
57,0x8001125c,DATA7,DATA7\MAR20_27.DAT,marionation animation,3808,57,7798784,116736
58,0x80011270,DATA7,DATA7\MAR20_26.DAT,marionation animation,3865,64,7915520,131072
59,0x80011284,DATA7,DATA7\MAR20_25.DAT,marionation animation,3929,48,8046592,98304
60,0x80011298,DATA7,DATA7\MAR20_24.DAT,marionation animation,3977,60,8144896,122880
61,0x800112ac,DATA7,DATA7\MAR20_23.DAT,marionation animation,4037,68,8267776,139264
62,0x800112c0,DATA7,DATA7\MAR20_22.DAT,marionation animation,4105,48,8407040,98304
63,0x800112d4,DATA7,DATA7\MAR20_21.DAT,marionation animation,4153,60,8505344,122880
64,0x800112e8,DATA7,DATA7\MAR20_20.DAT,marionation animation,4213,87,8628224,178176
65,0x800112fc,DATA7,DATA7\MAR20_19.DAT,marionation animation,4300,76,8806400,155648
66,0x80011310,DATA7,DATA7\MAR20_18.DAT,marionation animation,4376,62,8962048,126976
67,0x80011324,DATA7,DATA7\MAR20_17.DAT,marionation animation,4438,64,9089024,131072
68,0x80011338,DATA7,DATA7\MAR20_16.DAT,marionation animation,4502,78,9220096,159744
69,0x8001134c,DATA7,DATA7\MAR20_15.DAT,marionation animation,4580,64,9379840,131072
70,0x80011360,DATA7,DATA7\MAR20_14.DAT,marionation animation,4644,69,9510912,141312
71,0x80011374,DATA7,DATA7\MAR20_13.DAT,marionation animation,4713,53,9652224,108544
72,0x80011388,DATA7,DATA7\MAR20_12.DAT,marionation animation,4766,64,9760768,131072
73,0x8001139c,DATA7,DATA7\MAR20_11.DAT,marionation animation,4830,85,9891840,174080
74,0x800113b0,DATA7,DATA7\MAR20_10.DAT,marionation animation,4915,50,10065920,102400
75,0x800113c4,DATA7,DATA7\MAR20_09.DAT,marionation animation,4965,46,10168320,94208
76,0x800113d8,DATA7,DATA7\MAR20_08.DAT,marionation animation,5011,96,10262528,196608
77,0x800113ec,DATA7,DATA7\MAR20_07.DAT,marionation animation,5107,6,10459136,12288
78,0x80011400,DATA7,DATA7\MAR20_06.DAT,marionation animation,5113,6,10471424,12288
79,0x80011414,DATA7,DATA7\MAR20_05.DAT,marionation animation,5119,6,10483712,12288
80,0x80011428,DATA7,DATA7\MAR20_04.DAT,marionation animation,5125,6,10496000,12288
81,0x8001143c,DATA7,DATA7\MAR20_03.DAT,marionation animation,5131,6,10508288,12288
82,0x80011450,DATA7,DATA7\MAR20_02.DAT,marionation animation,5137,6,10520576,12288
83,0x80011464,DATA7,DATA7\MAR20_01.DAT,marionation animation,5143,6,10532864,12288
84,0x80011478,DATA7,DATA7\MAR20_00.DAT,marionation animation,5149,6,10545152,12288
85,0x8001148c,DATA7,DATA7\MAR19_30.DAT,marionation animation,5155,6,10557440,12288
86,0x800114a0,DATA7,DATA7\MAR19_29.DAT,marionation animation,5161,6,10569728,12288
87,0x800114b4,DATA7,DATA7\MAR19_28.DAT,marionation animation,5167,6,10582016,12288
88,0x800114c8,DATA7,DATA7\MAR19_27.DAT,marionation animation,5173,6,10594304,12288
89,0x800114dc,DATA7,DATA7\MAR19_26.DAT,marionation animation,5179,6,10606592,12288
90,0x800114f0,DATA7,DATA7\MAR19_25.DAT,marionation animation,5185,6,10618880,12288
91,0x80011504,DATA7,DATA7\MAR19_24.DAT,marionation animation,5191,6,10631168,12288
92,0x80011518,DATA7,DATA7\MAR19_23.DAT,marionation animation,5197,6,10643456,12288
93,0x8001152c,DATA7,DATA7\MAR19_22.DAT,marionation animation,5203,6,10655744,12288
94,0x80011540,DATA7,DATA7\MAR19_21.DAT,marionation animation,5209,6,10668032,12288
95,0x80011554,DATA7,DATA7\MAR19_20.DAT,marionation animation,5215,6,10680320,12288
96,0x80011568,DATA7,DATA7\MAR19_19.DAT,marionation animation,5221,6,10692608,12288
97,0x8001157c,DATA7,DATA7\MAR19_18.DAT,marionation animation,5227,6,10704896,12288
98,0x80011590,DATA7,DATA7\MAR19_17.DAT,marionation animation,5233,6,10717184,12288
99,0x800115a4,DATA7,DATA7\MAR19_16.DAT,marionation animation,5239,6,10729472,12288
100,0x800115b8,DATA7,DATA7\MAR19_15.DAT,marionation animation,5245,6,10741760,12288
101,0x800115cc,DATA7,DATA7\MAR19_14.DAT,marionation animation,5251,6,10754048,12288
102,0x800115e0,DATA7,DATA7\MAR19_13.DAT,marionation animation,5257,6,10766336,12288
103,0x800115f4,DATA7,DATA7\MAR19_12.DAT,marionation animation,5263,6,10778624,12288
104,0x80011608,DATA7,DATA7\MAR19_11.DAT,marionation animation,5269,6,10790912,12288
105,0x8001161c,DATA7,DATA7\MAR19_10.DAT,marionation animation,5275,6,10803200,12288
106,0x80011630,DATA7,DATA7\MAR19_09.DAT,marionation animation,5281,6,10815488,12288
107,0x80011644,DATA7,DATA7\MAR19_08.DAT,marionation animation,5287,6,10827776,12288
108,0x80011658,DATA7,DATA7\MAR19_07.DAT,marionation animation,5293,6,10840064,12288
109,0x8001166c,DATA7,DATA7\MAR19_06.DAT,marionation animation,5299,6,10852352,12288
110,0x80011680,DATA7,DATA7\MAR19_05.DAT,marionation animation,5305,6,10864640,12288
111,0x80011694,DATA7,DATA7\MAR19_04.DAT,marionation animation,5311,6,10876928,12288
112,0x800116a8,DATA7,DATA7\MAR19_03.DAT,marionation animation,5317,6,10889216,12288
113,0x800116bc,DATA7,DATA7\MAR19_02.DAT,marionation animation,5323,6,10901504,12288
114,0x800116d0,DATA7,DATA7\MAR19_01.DAT,marionation animation,5329,6,10913792,12288
115,0x800116e4,DATA7,DATA7\MAR19_00.DAT,marionation animation,5335,6,10926080,12288
116,0x800116f8,DATA7,DATA7\MAR18_30.DAT,marionation animation,5341,6,10938368,12288
117,0x8001170c,DATA7,DATA7\MAR18_29.DAT,marionation animation,5347,6,10950656,12288
118,0x80011720,DATA7,DATA7\MAR18_28.DAT,marionation animation,5353,6,10962944,12288
119,0x80011734,DATA7,DATA7\MAR18_27.DAT,marionation animation,5359,6,10975232,12288
120,0x80011748,DATA7,DATA7\MAR18_26.DAT,marionation animation,5365,6,10987520,12288
121,0x8001175c,DATA7,DATA7\MAR18_25.DAT,marionation animation,5371,6,10999808,12288
122,0x80011770,DATA7,DATA7\MAR18_24.DAT,marionation animation,5377,6,11012096,12288
123,0x80011784,DATA7,DATA7\MAR18_23.DAT,marionation animation,5383,6,11024384,12288
124,0x80011798,DATA7,DATA7\MAR18_22.DAT,marionation animation,5389,6,11036672,12288
125,0x800117ac,DATA7,DATA7\MAR18_21.DAT,marionation animation,5395,6,11048960,12288
126,0x800117c0,DATA7,DATA7\MAR18_20.DAT,marionation animation,5401,6,11061248,12288
127,0x800117d4,DATA7,DATA7\MAR18_19.DAT,marionation animation,5407,6,11073536,12288
128,0x800117e8,DATA7,DATA7\MAR18_18.DAT,marionation animation,5413,6,11085824,12288
129,0x800117fc,DATA7,DATA7\MAR18_17.DAT,marionation animation,5419,6,11098112,12288
130,0x80011810,DATA7,DATA7\MAR18_16.DAT,marionation animation,5425,6,11110400,12288
131,0x80011824,DATA7,DATA7\MAR18_15.DAT,marionation animation,5431,91,11122688,186368
132,0x80011838,DATA7,DATA7\MAR18_14.DAT,marionation animation,5522,122,11309056,249856
133,0x8001184c,DATA7,DATA7\MAR18_13.DAT,marionation animation,5644,121,11558912,247808
134,0x80011860,DATA7,DATA7\MAR18_12.DAT,marionation animation,5765,118,11806720,241664
135,0x80011874,DATA7,DATA7\MAR18_11.DAT,marionation animation,5883,122,12048384,249856
136,0x80011888,DATA7,DATA7\MAR18_10.DAT,marionation animation,6005,120,12298240,245760
137,0x8001189c,DATA7,DATA7\MAR18_09.DAT,marionation animation,6125,116,12544000,237568
138,0x800118b0,DATA7,DATA7\MAR18_08.DAT,marionation animation,6241,119,12781568,243712
139,0x800118c4,DATA7,DATA7\MAR18_07.DAT,marionation animation,6360,114,13025280,233472
140,0x800118d8,DATA7,DATA7\MAR18_06.DAT,marionation animation,6474,118,13258752,241664
141,0x800118ec,DATA7,DATA7\MAR18_05.DAT,marionation animation,6592,112,13500416,229376
142,0x80011900,DATA7,DATA7\MAR18_04.DAT,marionation animation,6704,115,13729792,235520
143,0x80011914,DATA7,DATA7\MAR18_03.DAT,marionation animation,6819,112,13965312,229376
144,0x80011928,DATA7,DATA7\MAR18_02.DAT,marionation animation,6931,115,14194688,235520
145,0x8001193c,DATA7,DATA7\MAR18_01.DAT,marionation animation,7046,118,14430208,241664
146,0x80011950,DATA7,DATA7\MAR18_00.DAT,marionation animation,7164,113,14671872,231424
147,0x80011964,DATA7,DATA7\MAR17_34.DAT,marionation animation,7277,95,14903296,194560
148,0x80011978,DATA7,DATA7\MAR17_33.DAT,marionation animation,7372,125,15097856,256000
149,0x8001198c,DATA7,DATA7\MAR17_32.DAT,marionation animation,7497,121,15353856,247808
150,0x800119a0,DATA7,DATA7\MAR17_31.DAT,marionation animation,7618,126,15601664,258048
151,0x800119b4,DATA7,DATA7\MAR17_30.DAT,marionation animation,7744,124,15859712,253952
152,0x800119c8,DATA7,DATA7\MAR17_29.DAT,marionation animation,7868,120,16113664,245760
153,0x800119dc,DATA7,DATA7\MAR17_28.DAT,marionation animation,7988,123,16359424,251904
154,0x800119f0,DATA7,DATA7\MAR17_27.DAT,marionation animation,8111,118,16611328,241664
155,0x80011a04,DATA7,DATA7\MAR17_26.DAT,marionation animation,8229,122,16852992,249856
156,0x80011a18,DATA7,DATA7\MAR17_25.DAT,marionation animation,8351,116,17102848,237568
157,0x80011a2c,DATA7,DATA7\MAR17_24.DAT,marionation animation,8467,119,17340416,243712
158,0x80011a40,DATA7,DATA7\MAR17_23.DAT,marionation animation,8586,115,17584128,235520
159,0x80011a54,DATA7,DATA7\MAR17_22.DAT,marionation animation,8701,119,17819648,243712
160,0x80011a68,DATA7,DATA7\MAR17_21.DAT,marionation animation,8820,122,18063360,249856
161,0x80011a7c,DATA7,DATA7\MAR17_20.DAT,marionation animation,8942,117,18313216,239616
162,0x80011a90,DATA7,DATA7\MAR17_19.DAT,marionation animation,9059,93,18552832,190464
163,0x80011aa4,DATA7,DATA7\MAR17_18.DAT,marionation animation,9152,120,18743296,245760
164,0x80011ab8,DATA7,DATA7\MAR17_17.DAT,marionation animation,9272,124,18989056,253952
165,0x80011acc,DATA7,DATA7\MAR17_16.DAT,marionation animation,9396,123,19243008,251904
166,0x80011ae0,DATA7,DATA7\MAR17_15.DAT,marionation animation,9519,118,19494912,241664
167,0x80011af4,DATA7,DATA7\MAR17_14.DAT,marionation animation,9637,121,19736576,247808
168,0x80011b08,DATA7,DATA7\MAR17_13.DAT,marionation animation,9758,117,19984384,239616
169,0x80011b1c,DATA7,DATA7\MAR17_12.DAT,marionation animation,9875,120,20224000,245760
170,0x80011b30,DATA7,DATA7\MAR17_11.DAT,marionation animation,9995,114,20469760,233472
171,0x80011b44,DATA7,DATA7\MAR17_10.DAT,marionation animation,10109,118,20703232,241664
172,0x80011b58,DATA7,DATA7\MAR17_09.DAT,marionation animation,10227,114,20944896,233472
173,0x80011b6c,DATA7,DATA7\MAR17_08.DAT,marionation animation,10341,118,21178368,241664
174,0x80011b80,DATA7,DATA7\MAR17_07.DAT,marionation animation,10459,121,21420032,247808
175,0x80011b94,DATA7,DATA7\MAR17_06.DAT,marionation animation,10580,115,21667840,235520
176,0x80011ba8,DATA7,DATA7\MAR17_05.DAT,marionation animation,10695,90,21903360,184320
177,0x80011bbc,DATA7,DATA7\MAR17_04.DAT,marionation animation,10785,121,22087680,247808
178,0x80011bd0,DATA7,DATA7\MAR17_03.DAT,marionation animation,10906,120,22335488,245760
179,0x80011be4,DATA7,DATA7\MAR17_02.DAT,marionation animation,11026,115,22581248,235520
180,0x80011bf8,DATA7,DATA7\MAR17_01.DAT,marionation animation,11141,118,22816768,241664
181,0x80011c0c,DATA7,DATA7\MAR17_00.DAT,marionation animation,11259,113,23058432,231424
182,0x80011c20,DATA7,DATA7\MAR15_34.DAT,marionation animation,11372,117,23289856,239616
183,0x80011c34,DATA7,DATA7\MAR15_33.DAT,marionation animation,11489,111,23529472,227328
184,0x80011c48,DATA7,DATA7\MAR15_32.DAT,marionation animation,11600,115,23756800,235520
185,0x80011c5c,DATA7,DATA7\MAR15_31.DAT,marionation animation,11715,111,23992320,227328
186,0x80011c70,DATA7,DATA7\MAR15_30.DAT,marionation animation,11826,114,24219648,233472
187,0x80011c84,DATA7,DATA7\MAR15_29.DAT,marionation animation,11940,117,24453120,239616
188,0x80011c98,DATA7,DATA7\MAR15_28.DAT,marionation animation,12057,112,24692736,229376
189,0x80011cac,DATA7,DATA7\MAR15_27.DAT,marionation animation,12169,94,24922112,192512
190,0x80011cc0,DATA7,DATA7\MAR15_26.DAT,marionation animation,12263,124,25114624,253952
191,0x80011cd4,DATA7,DATA7\MAR15_25.DAT,marionation animation,12387,119,25368576,243712
192,0x80011ce8,DATA7,DATA7\MAR15_24.DAT,marionation animation,12506,122,25612288,249856
193,0x80011cfc,DATA7,DATA7\MAR15_23.DAT,marionation animation,12628,118,25862144,241664
194,0x80011d10,DATA7,DATA7\MAR15_22.DAT,marionation animation,12746,122,26103808,249856
195,0x80011d24,DATA7,DATA7\MAR15_21.DAT,marionation animation,12868,115,26353664,235520
196,0x80011d38,DATA7,DATA7\MAR15_20.DAT,marionation animation,12983,119,26589184,243712
197,0x80011d4c,DATA7,DATA7\MAR15_19.DAT,marionation animation,13102,115,26832896,235520
198,0x80011d60,DATA7,DATA7\MAR15_18.DAT,marionation animation,13217,119,27068416,243712
199,0x80011d74,DATA7,DATA7\MAR15_17.DAT,marionation animation,13336,122,27312128,249856
200,0x80011d88,DATA7,DATA7\MAR15_16.DAT,marionation animation,13458,116,27561984,237568
201,0x80011d9c,DATA7,DATA7\MAR15_15.DAT,marionation animation,13574,93,27799552,190464
202,0x80011db0,DATA7,DATA7\MAR15_14.DAT,marionation animation,13667,118,27990016,241664
203,0x80011dc4,DATA7,DATA7\MAR15_13.DAT,marionation animation,13785,121,28231680,247808
204,0x80011dd8,DATA7,DATA7\MAR15_12.DAT,marionation animation,13906,116,28479488,237568
205,0x80011dec,DATA7,DATA7\MAR15_11.DAT,marionation animation,14022,120,28717056,245760
206,0x80011e00,DATA7,DATA7\MAR15_10.DAT,marionation animation,14142,114,28962816,233472
207,0x80011e14,DATA7,DATA7\MAR15_09.DAT,marionation animation,14256,117,29196288,239616
208,0x80011e28,DATA7,DATA7\MAR15_08.DAT,marionation animation,14373,114,29435904,233472
209,0x80011e3c,DATA7,DATA7\MAR15_07.DAT,marionation animation,14487,117,29669376,239616
210,0x80011e50,DATA7,DATA7\MAR15_06.DAT,marionation animation,14604,120,29908992,245760
211,0x80011e64,DATA7,DATA7\MAR15_05.DAT,marionation animation,14724,115,30154752,235520
212,0x80011e78,DATA7,DATA7\MAR15_04.DAT,marionation animation,14839,88,30390272,180224
213,0x80011e8c,DATA7,DATA7\MAR15_03.DAT,marionation animation,14927,116,30570496,237568
214,0x80011ea0,DATA7,DATA7\MAR15_02.DAT,marionation animation,15043,112,30808064,229376
215,0x80011eb4,DATA7,DATA7\MAR15_01.DAT,marionation animation,15155,115,31037440,235520
216,0x80011ec8,DATA7,DATA7\MAR15_00.DAT,marionation animation,15270,109,31272960,223232
217,0x80011edc,DATA7,DATA7\MAR14_34.DAT,marionation animation,15379,113,31496192,231424
218,0x80011ef0,DATA7,DATA7\MAR14_33.DAT,marionation animation,15492,109,31727616,223232
219,0x80011f04,DATA7,DATA7\MAR14_32.DAT,marionation animation,15601,113,31950848,231424
220,0x80011f18,DATA7,DATA7\MAR14_31.DAT,marionation animation,15714,116,32182272,237568
221,0x80011f2c,DATA7,DATA7\MAR14_30.DAT,marionation animation,15830,110,32419840,225280
222,0x80011f40,DATA7,DATA7\MAR14_29.DAT,marionation animation,15940,91,32645120,186368
223,0x80011f54,DATA7,DATA7\MAR14_28.DAT,marionation animation,16031,115,32831488,235520
224,0x80011f68,DATA7,DATA7\MAR14_27.DAT,marionation animation,16146,119,33067008,243712
225,0x80011f7c,DATA7,DATA7\MAR14_26.DAT,marionation animation,16265,112,33310720,229376
226,0x80011f90,DATA7,DATA7\MAR14_25.DAT,marionation animation,16377,116,33540096,237568
227,0x80011fa4,DATA7,DATA7\MAR14_24.DAT,marionation animation,16493,112,33777664,229376
228,0x80011fb8,DATA7,DATA7\MAR14_23.DAT,marionation animation,16605,116,34007040,237568
229,0x80011fcc,DATA7,DATA7\MAR14_22.DAT,marionation animation,16721,119,34244608,243712
230,0x80011fe0,DATA7,DATA7\MAR14_21.DAT,marionation animation,16840,113,34488320,231424
231,0x80011ff4,DATA7,DATA7\MAR14_20.DAT,marionation animation,16953,87,34719744,178176
232,0x80012008,DATA7,DATA7\MAR14_19.DAT,marionation animation,17040,114,34897920,233472
233,0x8001201c,DATA7,DATA7\MAR14_18.DAT,marionation animation,17154,108,35131392,221184
234,0x80012030,DATA7,DATA7\MAR14_17.DAT,marionation animation,17262,111,35352576,227328
235,0x80012044,DATA7,DATA7\MAR14_16.DAT,marionation animation,17373,107,35579904,219136
236,0x80012058,DATA7,DATA7\MAR14_15.DAT,marionation animation,17480,111,35799040,227328
237,0x8001206c,DATA7,DATA7\MAR14_14.DAT,marionation animation,17591,114,36026368,233472
238,0x80012080,DATA7,DATA7\MAR14_13.DAT,marionation animation,17705,109,36259840,223232
239,0x80012094,DATA7,DATA7\MAR14_12.DAT,marionation animation,17814,91,36483072,186368
240,0x800120a8,DATA7,DATA7\MAR14_11.DAT,marionation animation,17905,111,36669440,227328
241,0x800120bc,DATA7,DATA7\MAR14_10.DAT,marionation animation,18016,115,36896768,235520
242,0x800120d0,DATA7,DATA7\MAR14_09.DAT,marionation animation,18131,111,37132288,227328
243,0x800120e4,DATA7,DATA7\MAR14_08.DAT,marionation animation,18242,115,37359616,235520
244,0x800120f8,DATA7,DATA7\MAR14_07.DAT,marionation animation,18357,118,37595136,241664
245,0x8001210c,DATA7,DATA7\MAR14_06.DAT,marionation animation,18475,112,37836800,229376
246,0x80012120,DATA7,DATA7\MAR14_05.DAT,marionation animation,18587,84,38066176,172032
247,0x80012134,DATA7,DATA7\MAR14_04.DAT,marionation animation,18671,109,38238208,223232
248,0x80012148,DATA7,DATA7\MAR14_03.DAT,marionation animation,18780,105,38461440,215040
249,0x8001215c,DATA7,DATA7\MAR14_02.DAT,marionation animation,18885,109,38676480,223232
250,0x80012170,DATA7,DATA7\MAR14_01.DAT,marionation animation,18994,112,38899712,229376
251,0x80012184,DATA7,DATA7\MAR14_00.DAT,marionation animation,19106,106,39129088,217088
252,0x80012198,DATA7,DATA7\MAR13_34.DAT,marionation animation,19212,88,39346176,180224
253,0x800121ac,DATA7,DATA7\MAR13_33.DAT,marionation animation,19300,109,39526400,223232
254,0x800121c0,DATA7,DATA7\MAR13_32.DAT,marionation animation,19409,112,39749632,229376
255,0x800121d4,DATA7,DATA7\MAR13_31.DAT,marionation animation,19521,115,39979008,235520
256,0x800121e8,DATA7,DATA7\MAR13_30.DAT,marionation animation,19636,110,40214528,225280
257,0x800121fc,DATA7,DATA7\MAR13_29.DAT,marionation animation,19746,84,40439808,172032
258,0x80012210,DATA7,DATA7\MAR13_28.DAT,marionation animation,19830,108,40611840,221184
259,0x80012224,DATA7,DATA7\MAR13_27.DAT,marionation animation,19938,111,40833024,227328
260,0x80012238,DATA7,DATA7\MAR13_26.DAT,marionation animation,20049,106,41060352,217088
261,0x8001224c,DATA7,DATA7\MAR13_25.DAT,marionation animation,20155,88,41277440,180224
262,0x80012260,DATA7,DATA7\MAR13_24.DAT,marionation animation,20243,115,41457664,235520
263,0x80012274,DATA7,DATA7\MAR13_23.DAT,marionation animation,20358,110,41693184,225280
264,0x80012288,DATA7,DATA7\MAR13_22.DAT,marionation animation,20468,91,41918464,186368
265,0x8001229c,DATA7,DATA7\MAR13_21.DAT,marionation animation,20559,113,42104832,231424
266,0x800122b0,DATA7,DATA7\MAR13_20.DAT,marionation animation,20672,85,42336256,174080
267,0x800122c4,DATA7,DATA7\MAR13_19.DAT,marionation animation,20757,63,42510336,129024
268,0x800122d8,DATA7,DATA7\MAR13_18.DAT,marionation animation,20820,30,42639360,61440
269,0x800122ec,DATA7,DATA7\MAR13_17.DAT,marionation animation,20850,50,42700800,102400
270,0x80012300,DATA7,DATA7\MAR13_16.DAT,marionation animation,20900,50,42803200,102400
271,0x80012314,DATA7,DATA7\MAR13_15.DAT,marionation animation,20950,50,42905600,102400
272,0x80012328,DATA7,DATA7\MAR13_14.DAT,marionation animation,21000,50,43008000,102400
273,0x8001233c,DATA7,DATA7\MAR13_13.DAT,marionation animation,21050,50,43110400,102400
274,0x80012350,DATA7,DATA7\MAR13_12.DAT,marionation animation,21100,44,43212800,90112
275,0x80012364,DATA7,DATA7\MAR13_11.DAT,marionation animation,21144,44,43302912,90112
276,0x80012378,DATA7,DATA7\MAR13_10.DAT,marionation animation,21188,30,43393024,61440
277,0x8001238c,DATA7,DATA7\MAR13_09.DAT,marionation animation,21218,50,43454464,102400
278,0x800123a0,DATA7,DATA7\MAR13_08.DAT,marionation animation,21268,50,43556864,102400
279,0x800123b4,DATA7,DATA7\MAR13_07.DAT,marionation animation,21318,50,43659264,102400
280,0x800123c8,DATA7,DATA7\MAR13_06.DAT,marionation animation,21368,50,43761664,102400
281,0x800123dc,DATA7,DATA7\MAR13_05.DAT,marionation animation,21418,44,43864064,90112
282,0x800123f0,DATA7,DATA7\MAR13_04.DAT,marionation animation,21462,44,43954176,90112
283,0x80012404,DATA7,DATA7\MAR13_03.DAT,marionation animation,21506,30,44044288,61440
284,0x80012418,DATA7,DATA7\MAR13_02.DAT,marionation animation,21536,50,44105728,102400
285,0x8001242c,DATA7,DATA7\MAR13_01.DAT,marionation animation,21586,50,44208128,102400
286,0x80012440,DATA7,DATA7\MAR13_00.DAT,marionation animation,21636,50,44310528,102400
287,0x80012454,DATA7,DATA7\MAR12_34.DAT,marionation animation,21686,44,44412928,90112
288,0x80012468,DATA7,DATA7\MAR12_33.DAT,marionation animation,21730,44,44503040,90112
289,0x8001247c,DATA7,DATA7\MAR12_32.DAT,marionation animation,21774,30,44593152,61440
290,0x80012490,DATA7,DATA7\MAR12_31.DAT,marionation animation,21804,50,44654592,102400
291,0x800124a4,DATA7,DATA7\MAR12_30.DAT,marionation animation,21854,50,44756992,102400
292,0x800124b8,DATA7,DATA7\MAR12_29.DAT,marionation animation,21904,44,44859392,90112
293,0x800124cc,DATA7,DATA7\MAR12_28.DAT,marionation animation,21948,44,44949504,90112
294,0x800124e0,DATA7,DATA7\MAR12_27.DAT,marionation animation,21992,30,45039616,61440
295,0x800124f4,DATA7,DATA7\MAR12_26.DAT,marionation animation,22022,50,45101056,102400
296,0x80012508,DATA7,DATA7\MAR12_25.DAT,marionation animation,22072,44,45203456,90112
297,0x8001251c,DATA7,DATA7\MAR12_24.DAT,marionation animation,22116,44,45293568,90112
298,0x80012530,DATA7,DATA7\MAR12_23.DAT,marionation animation,22160,30,45383680,61440
299,0x80012544,DATA7,DATA7\MAR12_22.DAT,marionation animation,22190,44,45445120,90112
300,0x80012558,DATA7,DATA7\MAR12_21.DAT,marionation animation,22234,44,45535232,90112
301,0x8001256c,DATA7,DATA7\MAR12_20.DAT,marionation animation,22278,24,45625344,49152
302,0x80012580,DATA7,DATA7\MAR12_19.DAT,marionation animation,22302,38,45674496,77824
303,0x80012594,DATA7,DATA7\MAR12_18.DAT,marionation animation,22340,24,45752320,49152
304,0x800125a8,DATA7,DATA7\MAR12_17.DAT,marionation animation,22364,10,45801472,20480
305,0x800125bc,DATA7,DATA7\MAR12_16.DAT,marionation animation,22374,14,45821952,28672
306,0x800125d0,DATA7,DATA7\MAR12_15.DAT,marionation animation,22388,8,45850624,16384
307,0x800125e4,DATA7,DATA7\MAR12_14.DAT,marionation animation,22396,3,45867008,6144
308,0x800125f8,DATA7,DATA7\MAR12_13.DAT,marionation animation,22399,28,45873152,57344
309,0x8001260c,DATA7,DATA7\MAR12_12.DAT,marionation animation,22427,9,45930496,18432
310,0x80012620,DATA7,DATA7\MAR12_11.DAT,marionation animation,22436,1,45948928,2048
311,0x80012634,DATA7,DATA7\MAR12_10.DAT,marionation animation,22437,3,45950976,6144
312,0x80012648,DATA7,DATA7\MAR12_09.DAT,marionation animation,22440,3,45957120,6144
313,0x8001265c,DATA7,DATA7\MAR12_08.DAT,marionation animation,22443,4,45963264,8192
314,0x80012670,DATA7,DATA7\MAR12_07.DAT,marionation animation,22447,6,45971456,12288
315,0x80012684,DATA7,DATA7\MAR12_06.DAT,marionation animation,22453,11,45983744,22528
316,0x80012698,DATA7,DATA7\MAR12_05.DAT,marionation animation,22464,11,46006272,22528
317,0x800126ac,DATA7,DATA7\MAR12_04.DAT,marionation animation,22475,9,46028800,18432
318,0x800126c0,DATA7,DATA7\MAR12_03.DAT,marionation animation,22484,63,46047232,129024
319,0x800126d4,DATA7,DATA7\MAR12_02.DAT,marionation animation,22547,8,46176256,16384
320,0x800126e8,DATA7,DATA7\MAR12_01.DAT,marionation animation,22555,4,46192640,8192
321,0x800126fc,DATA7,DATA7\MAR12_00.DAT,marionation animation,22559,3,46200832,6144
322,0x80012710,DATA7,DATA7\MAR09_30.DAT,marionation animation,22562,5,46206976,10240
323,0x80012724,DATA7,DATA7\MAR09_29.DAT,marionation animation,22567,6,46217216,12288
324,0x80012738,DATA7,DATA7\MAR09_28.DAT,marionation animation,22573,9,46229504,18432
325,0x8001274c,DATA7,DATA7\MAR09_27.DAT,marionation animation,22582,3,46247936,6144
326,0x80012760,DATA7,DATA7\MAR09_26.DAT,marionation animation,22585,11,46254080,22528
327,0x80012774,DATA7,DATA7\MAR09_25.DAT,marionation animation,22596,97,46276608,198656
337,0x80012788,DATA7,DATA7\MAR09_24.DAT,marionation animation,22693,14,46475264,28672
338,0x8001279c,DATA7,DATA7\MAR09_23.DAT,marionation animation,22707,9,46503936,18432
339,0x800127b0,DATA7,DATA7\MAR09_22.DAT,marionation animation,22716,4,46522368,8192
340,0x800127c4,DATA7,DATA7\MAR09_21.DAT,marionation animation,22720,25,46530560,51200
341,0x800127d8,DATA7,DATA7\MAR09_20.DAT,marionation animation,22745,8,46581760,16384
342,0x800127ec,DATA7,DATA7\MAR09_19.DAT,marionation animation,22753,2,46598144,4096
343,0x80012800,DATA7,DATA7\MAR09_18.DAT,marionation animation,22755,3,46602240,6144
344,0x80012814,DATA7,DATA7\MAR09_17.DAT,marionation animation,22758,3,46608384,6144
345,0x80012828,DATA7,DATA7\MAR09_16.DAT,marionation animation,22761,4,46614528,8192
346,0x8001283c,DATA7,DATA7\MAR09_15.DAT,marionation animation,22765,12,46622720,24576
347,0x80012850,DATA7,DATA7\MAR09_14.DAT,marionation animation,22777,8,46647296,16384
348,0x80012864,DATA7,DATA7\MAR09_13.DAT,marionation animation,22785,6,46663680,12288
349,0x80012878,DATA7,DATA7\MAR09_12.DAT,marionation animation,22791,5,46675968,10240
350,0x8001288c,DATA7,DATA7\MAR09_11.DAT,marionation animation,22796,55,46686208,112640
351,0x800128a0,DATA7,DATA7\MAR09_10.DAT,marionation animation,22851,10,46798848,20480
352,0x800128b4,DATA7,DATA7\MAR09_09.DAT,marionation animation,22861,5,46819328,10240
353,0x800128c8,DATA7,DATA7\MAR09_08.DAT,marionation animation,22866,2,46829568,4096
354,0x800128dc,DATA7,DATA7\MAR09_07.DAT,marionation animation,22868,4,46833664,8192
355,0x800128f0,DATA7,DATA7\MAR09_06.DAT,marionation animation,22872,6,46841856,12288
356,0x80012904,DATA7,DATA7\MAR09_05.DAT,marionation animation,22878,8,46854144,16384
357,0x80012918,DATA7,DATA7\MAR09_04.DAT,marionation animation,22886,4,46870528,8192
358,0x8001292c,DATA7,DATA7\MAR09_03.DAT,marionation animation,22890,9,46878720,18432
359,0x80012940,DATA7,DATA7\MAR09_02.DAT,marionation animation,22899,77,46897152,157696
360,0x80012954,DATA7,DATA7\MAR09_01.DAT,marionation animation,22976,68,47054848,139264
369,0x80012968,DATA7,DATA7\MAR09_00.DAT,marionation animation,23044,19,47194112,38912
370,0x8001297c,DATA7,DATA7\MAR08_29.DAT,marionation animation,23063,7,47233024,14336
371,0x80012990,DATA7,DATA7\MAR08_28.DAT,marionation animation,23070,5,47247360,10240
372,0x800129a4,DATA7,DATA7\MAR08_27.DAT,marionation animation,23075,30,47257600,61440
373,0x800129b8,DATA7,DATA7\MAR08_26.DAT,marionation animation,23105,9,47319040,18432
374,0x800129cc,DATA7,DATA7\MAR08_25.DAT,marionation animation,23114,2,47337472,4096
375,0x800129e0,DATA7,DATA7\MAR08_24.DAT,marionation animation,23116,3,47341568,6144
376,0x800129f4,DATA7,DATA7\MAR08_23.DAT,marionation animation,23119,3,47347712,6144
377,0x80012a08,DATA7,DATA7\MAR08_22.DAT,marionation animation,23122,2,47353856,4096
378,0x80012a1c,DATA7,DATA7\MAR08_21.DAT,marionation animation,23124,6,47357952,12288
379,0x80012a30,DATA7,DATA7\MAR08_20.DAT,marionation animation,23130,12,47370240,24576
380,0x80012a44,DATA7,DATA7\MAR08_19.DAT,marionation animation,23142,11,47394816,22528
381,0x80012a58,DATA7,DATA7\MAR08_18.DAT,marionation animation,23153,13,47417344,26624
382,0x80012a6c,DATA7,DATA7\MAR08_17.DAT,marionation animation,23166,51,47443968,104448
383,0x80012a80,DATA7,DATA7\MAR08_16.DAT,marionation animation,23217,9,47548416,18432
384,0x80012a94,DATA7,DATA7\MAR08_15.DAT,marionation animation,23226,3,47566848,6144
385,0x80012aa8,DATA7,DATA7\MAR08_14.DAT,marionation animation,23229,2,47572992,4096
386,0x80012abc,DATA7,DATA7\MAR08_13.DAT,marionation animation,23231,3,47577088,6144
387,0x80012ad0,DATA7,DATA7\MAR08_12.DAT,marionation animation,23234,5,47583232,10240
388,0x80012ae4,DATA7,DATA7\MAR08_11.DAT,marionation animation,23239,12,47593472,24576
389,0x80012af8,DATA7,DATA7\MAR08_10.DAT,marionation animation,23251,2,47618048,4096
390,0x80012b0c,DATA7,DATA7\MAR08_09.DAT,marionation animation,23253,13,47622144,26624
391,0x80012b20,DATA7,DATA7\MAR08_08.DAT,marionation animation,23266,130,47648768,266240
402,0x80012b34,DATA7,DATA7\MAR08_07.DAT,marionation animation,23396,8,47915008,16384
403,0x80012b48,DATA7,DATA7\MAR08_06.DAT,marionation animation,23404,12,47931392,24576
404,0x80012b5c,DATA7,DATA7\MAR08_05.DAT,marionation animation,23416,3,47955968,6144
405,0x80012b70,DATA7,DATA7\MAR08_04.DAT,marionation animation,23419,9,47962112,18432
406,0x80012b84,DATA7,DATA7\MAR08_03.DAT,marionation animation,23428,3,47980544,6144
407,0x80012b98,DATA7,DATA7\MAR08_02.DAT,marionation animation,23431,6,47986688,12288
408,0x80012bac,DATA7,DATA7\MAR08_01.DAT,marionation animation,23437,3,47998976,6144
409,0x80012bc0,DATA7,DATA7\MAR08_00.DAT,marionation animation,23440,7,48005120,14336
410,0x80012bd4,DATA7,DATA7\MAR07_29.DAT,marionation animation,23447,11,48019456,22528
411,0x80012be8,DATA7,DATA7\MAR07_28.DAT,marionation animation,23458,39,48041984,79872
412,0x80012bfc,DATA7,DATA7\MAR07_27.DAT,marionation animation,23497,6,48121856,12288
413,0x80012c10,DATA7,DATA7\MAR07_26.DAT,marionation animation,23503,3,48134144,6144
414,0x80012c24,DATA7,DATA7\MAR07_25.DAT,marionation animation,23506,3,48140288,6144
415,0x80012c38,DATA7,DATA7\MAR07_24.DAT,marionation animation,23509,2,48146432,4096
416,0x80012c4c,DATA7,DATA7\MAR07_23.DAT,marionation animation,23511,3,48150528,6144
417,0x80012c60,DATA7,DATA7\MAR07_22.DAT,marionation animation,23514,9,48156672,18432
418,0x80012c74,DATA7,DATA7\MAR07_21.DAT,marionation animation,23523,4,48175104,8192
419,0x80012c88,DATA7,DATA7\MAR07_20.DAT,marionation animation,23527,15,48183296,30720
420,0x80012c9c,DATA7,DATA7\MAR07_19.DAT,marionation animation,23542,62,48214016,126976
421,0x80012cb0,DATA7,DATA7\MAR07_18.DAT,marionation animation,23604,56,48340992,114688
429,0x80012cc4,DATA7,DATA7\MAR07_17.DAT,marionation animation,23660,11,48455680,22528
430,0x80012cd8,DATA7,DATA7\MAR07_16.DAT,marionation animation,23671,5,48478208,10240
431,0x80012cec,DATA7,DATA7\MAR07_15.DAT,marionation animation,23676,1,48488448,2048
432,0x80012d00,DATA7,DATA7\MAR07_14.DAT,marionation animation,23677,52,48490496,106496
433,0x80012d14,DATA7,DATA7\MAR07_13.DAT,marionation animation,23729,12,48596992,24576
434,0x80012d28,DATA7,DATA7\MAR07_12.DAT,marionation animation,23741,4,48621568,8192
435,0x80012d3c,DATA7,DATA7\MAR07_11.DAT,marionation animation,23745,2,48629760,4096
436,0x80012d50,DATA7,DATA7\MAR07_10.DAT,marionation animation,23747,3,48633856,6144
437,0x80012d64,DATA7,DATA7\MAR07_09.DAT,marionation animation,23750,5,48640000,10240
438,0x80012d78,DATA7,DATA7\MAR07_08.DAT,marionation animation,23755,10,48650240,20480
439,0x80012d8c,DATA7,DATA7\MAR07_07.DAT,marionation animation,23765,4,48670720,8192
440,0x80012da0,DATA7,DATA7\MAR07_06.DAT,marionation animation,23769,10,48678912,20480
441,0x80012db4,DATA7,DATA7\MAR07_05.DAT,marionation animation,23779,4,48699392,8192
442,0x80012dc8,DATA7,DATA7\MAR07_04.DAT,marionation animation,23783,26,48707584,53248
443,0x80012ddc,DATA7,DATA7\MAR07_03.DAT,marionation animation,23809,8,48760832,16384
444,0x80012df0,DATA7,DATA7\MAR07_02.DAT,marionation animation,23817,2,48777216,4096
445,0x80012e04,DATA7,DATA7\MAR07_01.DAT,marionation animation,23819,3,48781312,6144
446,0x80012e18,DATA7,DATA7\MAR07_00.DAT,marionation animation,23822,2,48787456,4096
447,0x80012e2c,DATA7,DATA7\MAR06_26.DAT,marionation animation,23824,4,48791552,8192
448,0x80012e40,DATA7,DATA7\MAR06_25.DAT,marionation animation,23828,7,48799744,14336
449,0x80012e54,DATA7,DATA7\MAR06_24.DAT,marionation animation,23835,4,48814080,8192
450,0x80012e68,DATA7,DATA7\MAR06_23.DAT,marionation animation,23839,10,48822272,20480
451,0x80012e7c,DATA7,DATA7\MAR06_22.DAT,marionation animation,23849,63,48842752,129024
452,0x80012e90,DATA7,DATA7\MAR06_21.DAT,marionation animation,23912,33,48971776,67584
459,0x80012ea4,DATA7,DATA7\MAR06_20.DAT,marionation animation,23945,10,49039360,20480
460,0x80012eb8,DATA7,DATA7\MAR06_19.DAT,marionation animation,23955,9,49059840,18432
461,0x80012ecc,DATA7,DATA7\MAR06_18.DAT,marionation animation,23964,3,49078272,6144
462,0x80012ee0,DATA7,DATA7\MAR06_17.DAT,marionation animation,23967,10,49084416,20480
463,0x80012ef4,DATA7,DATA7\MAR06_16.DAT,marionation animation,23977,3,49104896,6144
464,0x80012f08,DATA7,DATA7\MAR06_15.DAT,marionation animation,23980,6,49111040,12288
465,0x80012f1c,DATA7,DATA7\MAR06_14.DAT,marionation animation,23986,2,49123328,4096
466,0x80012f30,DATA7,DATA7\MAR06_13.DAT,marionation animation,23988,9,49127424,18432
467,0x80012f44,DATA7,DATA7\MAR06_12.DAT,marionation animation,23997,12,49145856,24576
468,0x80012f58,DATA7,DATA7\MAR06_11.DAT,marionation animation,24009,39,49170432,79872
469,0x80012f6c,DATA7,DATA7\MAR06_10.DAT,marionation animation,24048,7,49250304,14336
470,0x80012f80,DATA7,DATA7\MAR06_09.DAT,marionation animation,24055,2,49264640,4096
471,0x80012f94,DATA7,DATA7\MAR06_08.DAT,marionation animation,24057,3,49268736,6144
472,0x80012fa8,DATA7,DATA7\MAR06_07.DAT,marionation animation,24060,3,49274880,6144
473,0x80012fbc,DATA7,DATA7\MAR06_06.DAT,marionation animation,24063,4,49281024,8192
474,0x80012fd0,DATA7,DATA7\MAR06_05.DAT,marionation animation,24067,9,49289216,18432
475,0x80012fe4,DATA7,DATA7\MAR06_04.DAT,marionation animation,24076,3,49307648,6144
476,0x80012ff8,DATA7,DATA7\MAR06_03.DAT,marionation animation,24079,10,49313792,20480
477,0x8001300c,DATA7,DATA7\MAR06_02.DAT,marionation animation,24089,66,49334272,135168
486,0x80013020,DATA7,DATA7\MAR06_01.DAT,marionation animation,24155,9,49469440,18432
487,0x80013034,DATA7,DATA7\MAR06_00.DAT,marionation animation,24164,7,49487872,14336
488,0x80013048,DATA7,DATA7\MAR04_29.DAT,marionation animation,24171,3,49502208,6144
489,0x8001305c,DATA7,DATA7\MAR04_28.DAT,marionation animation,24174,84,49508352,172032
490,0x80013070,DATA7,DATA7\MAR04_27.DAT,marionation animation,24258,7,49680384,14336
491,0x80013084,DATA7,DATA7\MAR04_26.DAT,marionation animation,24265,2,49694720,4096
492,0x80013098,DATA7,DATA7\MAR04_25.DAT,marionation animation,24267,3,49698816,6144
493,0x800130ac,DATA7,DATA7\MAR04_24.DAT,marionation animation,24270,2,49704960,4096
494,0x800130c0,DATA7,DATA7\MAR04_23.DAT,marionation animation,24272,3,49709056,6144
495,0x800130d4,DATA7,DATA7\MAR04_22.DAT,marionation animation,24275,9,49715200,18432
496,0x800130e8,DATA7,DATA7\MAR04_21.DAT,marionation animation,24284,5,49733632,10240
497,0x800130fc,DATA7,DATA7\MAR04_20.DAT,marionation animation,24289,9,49743872,18432
498,0x80013110,DATA7,DATA7\MAR04_19.DAT,marionation animation,24298,3,49762304,6144
499,0x80013124,DATA7,DATA7\MAR04_18.DAT,marionation animation,24301,30,49768448,61440
500,0x80013138,DATA7,DATA7\MAR04_17.DAT,marionation animation,24331,9,49829888,18432
501,0x8001314c,DATA7,DATA7\MAR04_16.DAT,marionation animation,24340,4,49848320,8192
502,0x80013160,DATA7,DATA7\MAR04_15.DAT,marionation animation,24344,4,49856512,8192
503,0x80013174,DATA7,DATA7\MAR04_14.DAT,marionation animation,24348,3,49864704,6144
504,0x80013188,DATA7,DATA7\MAR04_13.DAT,marionation animation,24351,5,49870848,10240
505,0x8001319c,DATA7,DATA7\MAR04_12.DAT,marionation animation,24356,7,49881088,14336
506,0x800131b0,DATA7,DATA7\MAR04_11.DAT,marionation animation,24363,4,49895424,8192
507,0x800131c4,DATA7,DATA7\MAR04_10.DAT,marionation animation,24367,11,49903616,22528
508,0x800131d8,DATA7,DATA7\MAR04_09.DAT,marionation animation,24378,57,49926144,116736
509,0x800131ec,DATA7,DATA7\MAR04_08.DAT,marionation animation,24435,33,50042880,67584
516,0x80013200,DATA7,DATA7\MAR04_07.DAT,marionation animation,24468,10,50110464,20480
517,0x80013214,DATA7,DATA7\MAR04_06.DAT,marionation animation,24478,6,50130944,12288
518,0x80013228,DATA7,DATA7\MAR04_05.DAT,marionation animation,24484,2,50143232,4096
519,0x8001323c,DATA7,DATA7\MAR04_04.DAT,marionation animation,24486,49,50147328,100352
520,0x80013250,DATA7,DATA7\MAR04_03.DAT,marionation animation,24535,9,50247680,18432
521,0x80013264,DATA7,DATA7\MAR04_02.DAT,marionation animation,24544,3,50266112,6144
522,0x80013278,DATA7,DATA7\MAR04_01.DAT,marionation animation,24547,3,50272256,6144
523,0x8001328c,DATA7,DATA7\MAR04_00.DAT,marionation animation,24550,5,50278400,10240
524,0x800132a0,DATA7,DATA7\MAR03_26.DAT,marionation animation,24555,2,50288640,4096
525,0x800132b4,DATA7,DATA7\MAR03_25.DAT,marionation animation,24557,12,50292736,24576
526,0x800132c8,DATA7,DATA7\MAR03_24.DAT,marionation animation,24569,4,50317312,8192
527,0x800132dc,DATA7,DATA7\MAR03_23.DAT,marionation animation,24573,8,50325504,16384
528,0x800132f0,DATA7,DATA7\MAR03_22.DAT,marionation animation,24581,3,50341888,6144
529,0x80013304,DATA7,DATA7\MAR03_21.DAT,marionation animation,24584,38,50348032,77824
530,0x80013318,DATA7,DATA7\MAR03_20.DAT,marionation animation,24622,7,50425856,14336
531,0x8001332c,DATA7,DATA7\MAR03_19.DAT,marionation animation,24629,3,50440192,6144
532,0x80013340,DATA7,DATA7\MAR03_18.DAT,marionation animation,24632,1,50446336,2048
533,0x80013354,DATA7,DATA7\MAR03_17.DAT,marionation animation,24633,2,50448384,4096
534,0x80013368,DATA7,DATA7\MAR03_16.DAT,marionation animation,24635,1,50452480,2048
535,0x8001337c,DATA7,DATA7\MAR03_15.DAT,marionation animation,24636,9,50454528,18432
536,0x80013390,DATA7,DATA7\MAR03_14.DAT,marionation animation,24645,4,50472960,8192
537,0x800133a4,DATA7,DATA7\MAR03_13.DAT,marionation animation,24649,8,50481152,16384
538,0x800133b8,DATA7,DATA7\MAR03_12.DAT,marionation animation,24657,70,50497536,143360
539,0x800133cc,DATA7,DATA7\MAR03_11.DAT,marionation animation,24727,69,50640896,141312
546,0x800133e0,DATA7,DATA7\MAR03_10.DAT,marionation animation,24796,14,50782208,28672
547,0x800133f4,DATA7,DATA7\MAR03_09.DAT,marionation animation,24810,8,50810880,16384
548,0x80013408,DATA7,DATA7\MAR03_08.DAT,marionation animation,24818,3,50827264,6144
549,0x8001341c,DATA7,DATA7\MAR03_07.DAT,marionation animation,24821,67,50833408,137216
550,0x80013430,DATA7,DATA7\MAR03_06.DAT,marionation animation,24888,10,50970624,20480
551,0x80013444,DATA7,DATA7\MAR03_05.DAT,marionation animation,24898,3,50991104,6144
552,0x80013458,DATA7,DATA7\MAR03_04.DAT,marionation animation,24901,4,50997248,8192
553,0x8001346c,DATA7,DATA7\MAR03_03.DAT,marionation animation,24905,3,51005440,6144
554,0x80013480,DATA7,DATA7\MAR03_02.DAT,marionation animation,24908,5,51011584,10240
555,0x80013494,DATA7,DATA7\MAR03_01.DAT,marionation animation,24913,11,51021824,22528
556,0x800134a8,DATA7,DATA7\MAR03_00.DAT,marionation animation,24924,3,51044352,6144
557,0x800134bc,DATA7,DATA7\MAR02_32.DAT,marionation animation,24927,11,51050496,22528
558,0x800134d0,DATA7,DATA7\MAR02_31.DAT,marionation animation,24938,10,51073024,20480
559,0x800134e4,DATA7,DATA7\MAR02_30.DAT,marionation animation,24948,40,51093504,81920
560,0x800134f8,DATA7,DATA7\MAR02_29.DAT,marionation animation,24988,8,51175424,16384
561,0x8001350c,DATA7,DATA7\MAR02_28.DAT,marionation animation,24996,4,51191808,8192
562,0x80013520,DATA7,DATA7\MAR02_27.DAT,marionation animation,25000,3,51200000,6144
563,0x80013534,DATA7,DATA7\MAR02_26.DAT,marionation animation,25003,2,51206144,4096
564,0x80013548,DATA7,DATA7\MAR02_25.DAT,marionation animation,25005,4,51210240,8192
565,0x8001355c,DATA7,DATA7\MAR02_24.DAT,marionation animation,25009,9,51218432,18432
566,0x80013570,DATA7,DATA7\MAR02_23.DAT,marionation animation,25018,3,51236864,6144
567,0x80013584,DATA7,DATA7\MAR02_22.DAT,marionation animation,25021,9,51243008,18432
568,0x80013598,DATA7,DATA7\MAR02_21.DAT,marionation animation,25030,76,51261440,155648
569,0x800135ac,DATA7,DATA7\MAR02_20.DAT,marionation animation,25106,74,51417088,151552
577,0x800135c0,DATA7,DATA7\MAR02_19.DAT,marionation animation,25180,8,51568640,16384
578,0x800135d4,DATA7,DATA7\MAR02_18.DAT,marionation animation,25188,8,51585024,16384
579,0x800135e8,DATA7,DATA7\MAR02_17.DAT,marionation animation,25196,11,51601408,22528
580,0x800135fc,DATA7,DATA7\MAR02_16.DAT,marionation animation,25207,3,51623936,6144
581,0x80013610,DATA7,DATA7\MAR02_15.DAT,marionation animation,25210,34,51630080,69632
582,0x80013624,DATA7,DATA7\MAR02_14.DAT,marionation animation,25244,7,51699712,14336
583,0x80013638,DATA7,DATA7\MAR02_13.DAT,marionation animation,25251,3,51714048,6144
584,0x8001364c,DATA7,DATA7\MAR02_12.DAT,marionation animation,25254,3,51720192,6144
585,0x80013660,DATA7,DATA7\MAR02_11.DAT,marionation animation,25257,4,51726336,8192
586,0x80013674,DATA7,DATA7\MAR02_10.DAT,marionation animation,25261,3,51734528,6144
587,0x80013688,DATA7,DATA7\MAR02_09.DAT,marionation animation,25264,8,51740672,16384
588,0x8001369c,DATA7,DATA7\MAR02_08.DAT,marionation animation,25272,13,51757056,26624
589,0x800136b0,DATA7,DATA7\MAR02_07.DAT,marionation animation,25285,11,51783680,22528
590,0x800136c4,DATA7,DATA7\MAR02_06.DAT,marionation animation,25296,6,51806208,12288
591,0x800136d8,DATA7,DATA7\MAR02_05.DAT,marionation animation,25302,80,51818496,163840
592,0x800136ec,DATA7,DATA7\MAR02_04.DAT,marionation animation,25382,10,51982336,20480
593,0x80013700,DATA7,DATA7\MAR02_03.DAT,marionation animation,25392,4,52002816,8192
594,0x80013714,DATA7,DATA7\MAR02_02.DAT,marionation animation,25396,3,52011008,6144
595,0x80013728,DATA7,DATA7\MAR02_01.DAT,marionation animation,25399,3,52017152,6144
596,0x8001373c,DATA7,DATA7\MAR02_00.DAT,marionation animation,25402,3,52023296,6144
597,0x80013750,DATA7,DATA7\MAR01_31.DAT,marionation animation,25405,8,52029440,16384
598,0x80013764,DATA7,DATA7\MAR01_30.DAT,marionation animation,25413,3,52045824,6144
599,0x80013778,DATA7,DATA7\MAR01_29.DAT,marionation animation,25416,11,52051968,22528
600,0x8001378c,DATA7,DATA7\MAR01_28.DAT,marionation animation,25427,9,52074496,18432
601,0x800137a0,DATA7,DATA7\MAR01_27.DAT,marionation animation,25436,67,52092928,137216
602,0x800137b4,DATA7,DATA7\MAR01_26.DAT,marionation animation,25503,47,52230144,96256
603,0x800137c8,DATA7,DATA7\MAR01_25.DAT,marionation animation,25550,29,52326400,59392
604,0x800137dc,DATA7,DATA7\MAR01_24.DAT,marionation animation,25579,22,52385792,45056
612,0x800137f0,DATA7,DATA7\MAR01_23.DAT,marionation animation,25601,6,52430848,12288
613,0x80013804,DATA7,DATA7\MAR01_22.DAT,marionation animation,25607,9,52443136,18432
614,0x80013818,DATA7,DATA7\MAR01_21.DAT,marionation animation,25616,8,52461568,16384
615,0x8001382c,DATA7,DATA7\MAR01_20.DAT,marionation animation,25624,3,52477952,6144
616,0x80013840,DATA7,DATA7\MAR01_19.DAT,marionation animation,25627,27,52484096,55296
617,0x80013854,DATA7,DATA7\MAR01_18.DAT,marionation animation,25654,7,52539392,14336
618,0x80013868,DATA7,DATA7\MAR01_17.DAT,marionation animation,25661,3,52553728,6144
619,0x8001387c,DATA7,DATA7\MAR01_16.DAT,marionation animation,25664,1,52559872,2048
620,0x80013890,DATA7,DATA7\MAR01_15.DAT,marionation animation,25665,5,52561920,10240
621,0x800138a4,DATA7,DATA7\MAR01_14.DAT,marionation animation,25670,3,52572160,6144
622,0x800138b8,DATA7,DATA7\MAR01_13.DAT,marionation animation,25673,7,52578304,14336
623,0x800138cc,DATA7,DATA7\MAR01_12.DAT,marionation animation,25680,11,52592640,22528
624,0x800138e0,DATA7,DATA7\MAR01_11.DAT,marionation animation,25691,7,52615168,14336
625,0x800138f4,DATA7,DATA7\MAR01_10.DAT,marionation animation,25698,6,52629504,12288
626,0x80013908,DATA7,DATA7\MAR01_09.DAT,marionation animation,25704,47,52641792,96256
627,0x8001391c,DATA7,DATA7\MAR01_08.DAT,marionation animation,25751,10,52738048,20480
628,0x80013930,DATA7,DATA7\MAR01_07.DAT,marionation animation,25761,3,52758528,6144
629,0x80013944,DATA7,DATA7\MAR01_06.DAT,marionation animation,25764,1,52764672,2048
630,0x80013958,DATA7,DATA7\MAR01_05.DAT,marionation animation,25765,5,52766720,10240
631,0x8001396c,DATA7,DATA7\MAR01_04.DAT,marionation animation,25770,3,52776960,6144
632,0x80013980,DATA7,DATA7\MAR01_03.DAT,marionation animation,25773,9,52783104,18432
633,0x80013994,DATA7,DATA7\MAR01_02.DAT,marionation animation,25782,3,52801536,6144
634,0x800139a8,DATA7,DATA7\MAR01_01.DAT,marionation animation,25785,7,52807680,14336
635,0x800139bc,DATA7,DATA7\MAR01_00.DAT,marionation animation,25792,8,52822016,16384
636,0x800139d0,DATA7,DATA7\MAR00_31.DAT,marionation animation,25800,54,52838400,110592
637,0x800139e4,DATA7,DATA7\MAR00_30.DAT,marionation animation,25854,53,52948992,108544
638,0x800139f8,DATA7,DATA7\MAR00_29.DAT,marionation animation,25907,16,53057536,32768
647,0x80013a0c,DATA7,DATA7\MAR00_28.DAT,marionation animation,25923,13,53090304,26624
648,0x80013a20,DATA7,DATA7\MAR00_27.DAT,marionation animation,25936,10,53116928,20480
649,0x80013a34,DATA7,DATA7\MAR00_26.DAT,marionation animation,25946,10,53137408,20480
650,0x80013a48,DATA7,DATA7\MAR00_25.DAT,marionation animation,25956,2,53157888,4096
651,0x80013a5c,DATA7,DATA7\MAR00_24.DAT,marionation animation,25958,46,53161984,94208
652,0x80013a70,DATA7,DATA7\MAR00_23.DAT,marionation animation,26004,7,53256192,14336
653,0x80013a84,DATA7,DATA7\MAR00_22.DAT,marionation animation,26011,4,53270528,8192
654,0x80013a98,DATA7,DATA7\MAR00_21.DAT,marionation animation,26015,2,53278720,4096
655,0x80013aac,DATA7,DATA7\MAR00_20.DAT,marionation animation,26017,4,53282816,8192
656,0x80013ac0,DATA7,DATA7\MAR00_19.DAT,marionation animation,26021,2,53291008,4096
657,0x80013ad4,DATA7,DATA7\MAR00_18.DAT,marionation animation,26023,8,53295104,16384
658,0x80013ae8,DATA7,DATA7\MAR00_17.DAT,marionation animation,26031,13,53311488,26624
659,0x80013afc,DATA7,DATA7\MAR00_16.DAT,marionation animation,26044,10,53338112,20480
660,0x80013b10,DATA7,DATA7\MAR00_15.DAT,marionation animation,26054,6,53358592,12288
661,0x80013b24,DATA7,DATA7\MAR00_14.DAT,marionation animation,26060,68,53370880,139264
662,0x80013b38,DATA7,DATA7\MAR00_13.DAT,marionation animation,26128,7,53510144,14336
663,0x80013b4c,DATA7,DATA7\MAR00_12.DAT,marionation animation,26135,2,53524480,4096
664,0x80013b60,DATA7,DATA7\MAR00_11.DAT,marionation animation,26137,5,53528576,10240
665,0x80013b74,DATA7,DATA7\MAR00_10.DAT,marionation animation,26142,4,53538816,8192
666,0x80013b88,DATA7,DATA7\MAR00_09.DAT,marionation animation,26146,4,53547008,8192
667,0x80013b9c,DATA7,DATA7\MAR00_08.DAT,marionation animation,26150,14,53555200,28672
668,0x80013bb0,DATA7,DATA7\MAR00_07.DAT,marionation animation,26164,3,53583872,6144
669,0x80013bc4,DATA7,DATA7\MAR00_06.DAT,marionation animation,26167,13,53590016,26624
670,0x80013bd8,DATA7,DATA7\MAR00_05.DAT,marionation animation,26180,11,53616640,22528
671,0x80013bec,DATA7,DATA7\MAR00_04.DAT,marionation animation,26191,61,53639168,124928
672,0x80013c00,DATA7,DATA7\MAR00_03.DAT,marionation animation,26252,47,53764096,96256
673,0x80013c14,DATA7,DATA7\MAR00_02.DAT,marionation animation,26299,13,53860352,26624
682,0x80013c28,DATA7,DATA7\MAR00_01.DAT,marionation animation,26312,10,53886976,20480
683,0x80013c3c,DATA7,DATA7\MAR00_00.DAT,marionation animation,26322,9,53907456,18432
684,0x80013c50,DATA9,DATA9\WEPNULL.DAT,auxiliary (DATA9 bucket),26331,11,53925888,22528
685,0x80013c64,DATA9,DATA9\WEP0707.DAT,auxiliary (DATA9 bucket),26342,2,53948416,4096
686,0x80013c78,DATA9,DATA9\WEP0607.DAT,auxiliary (DATA9 bucket),26344,47,53952512,96256
687,0x80013c8c,DATA9,DATA9\WEP0606.DAT,auxiliary (DATA9 bucket),26391,10,54048768,20480
688,0x80013ca0,DATA9,DATA9\WEP0507.DAT,auxiliary (DATA9 bucket),26401,2,54069248,4096
689,0x80013cb4,DATA9,DATA9\WEP0506.DAT,auxiliary (DATA9 bucket),26403,2,54073344,4096
690,0x80013cc8,DATA9,DATA9\WEP0505.DAT,auxiliary (DATA9 bucket),26405,3,54077440,6144
691,0x80013cdc,DATA9,DATA9\WEP0407.DAT,auxiliary (DATA9 bucket),26408,3,54083584,6144
692,0x80013cf0,DATA9,DATA9\WEP0406.DAT,auxiliary (DATA9 bucket),26411,11,54089728,22528
693,0x80013d04,DATA9,DATA9\WEP0405.DAT,auxiliary (DATA9 bucket),26422,14,54112256,28672
694,0x80013d18,DATA9,DATA9\WEP0404.DAT,auxiliary (DATA9 bucket),26436,12,54140928,24576
695,0x80013d2c,DATA9,DATA9\WEP0307.DAT,auxiliary (DATA9 bucket),26448,5,54165504,10240
696,0x80013d40,DATA9,DATA9\WEP0306.DAT,auxiliary (DATA9 bucket),26453,47,54175744,96256
697,0x80013d54,DATA9,DATA9\WEP0305.DAT,auxiliary (DATA9 bucket),26500,6,54272000,12288
698,0x80013d68,DATA9,DATA9\WEP0304.DAT,auxiliary (DATA9 bucket),26506,2,54284288,4096
699,0x80013d7c,DATA9,DATA9\WEP0303.DAT,auxiliary (DATA9 bucket),26508,1,54288384,2048
700,0x80013d90,DATA9,DATA9\WEP0207.DAT,auxiliary (DATA9 bucket),26509,4,54290432,8192
701,0x80013da4,DATA9,DATA9\WEP0206.DAT,auxiliary (DATA9 bucket),26513,3,54298624,6144
702,0x80013db8,DATA9,DATA9\WEP0205.DAT,auxiliary (DATA9 bucket),26516,8,54304768,16384
703,0x80013dcc,DATA9,DATA9\WEP0204.DAT,auxiliary (DATA9 bucket),26524,4,54321152,8192
704,0x80013de0,DATA9,DATA9\WEP0203.DAT,auxiliary (DATA9 bucket),26528,14,54329344,28672
705,0x80013df4,DATA9,DATA9\WEP0202.DAT,auxiliary (DATA9 bucket),26542,8,54358016,16384
706,0x80013e08,DATA9,DATA9\WEP0107.DAT,auxiliary (DATA9 bucket),26550,56,54374400,114688
707,0x80013e1c,DATA9,DATA9\WEP0106.DAT,auxiliary (DATA9 bucket),26606,33,54489088,67584
708,0x80013e30,DATA9,DATA9\WEP0105.DAT,auxiliary (DATA9 bucket),26639,12,54556672,24576
717,0x80013e44,DATA9,DATA9\WEP0104.DAT,auxiliary (DATA9 bucket),26651,6,54581248,12288
718,0x80013e58,DATA9,DATA9\WEP0103.DAT,auxiliary (DATA9 bucket),26657,6,54593536,12288
719,0x80013e6c,DATA9,DATA9\WEP0102.DAT,auxiliary (DATA9 bucket),26663,6,54605824,12288
720,0x80013e80,DATA9,DATA9\WEP0101.DAT,auxiliary (DATA9 bucket),26669,2,54618112,4096
721,0x80013e94,DATA9,DATA9\WEP0007.DAT,auxiliary (DATA9 bucket),26671,43,54622208,88064
722,0x80013ea8,DATA9,DATA9\WEP0006.DAT,auxiliary (DATA9 bucket),26714,9,54710272,18432
723,0x80013ebc,DATA9,DATA9\WEP0005.DAT,auxiliary (DATA9 bucket),26723,3,54728704,6144
724,0x80013ed0,DATA9,DATA9\WEP0004.DAT,auxiliary (DATA9 bucket),26726,3,54734848,6144
725,0x80013ee4,DATA9,DATA9\WEP0003.DAT,auxiliary (DATA9 bucket),26729,4,54740992,8192
726,0x80013ef8,DATA9,DATA9\WEP0002.DAT,auxiliary (DATA9 bucket),26733,4,54749184,8192
727,0x80013f0c,DATA9,DATA9\WEP0001.DAT,auxiliary (DATA9 bucket),26737,7,54757376,14336
728,0x80013f20,DATA9,DATA9\WEP0000.DAT,auxiliary (DATA9 bucket),26744,15,54771712,30720
729,0x800149e8,DATA6,DATA6\TINYM26.DAT,reduced-LOD model,26759,14,54802432,28672
730,0x800149fc,DATA6,DATA6\TINYM25.DAT,reduced-LOD model,26773,9,54831104,18432
731,0x80014a10,DATA6,DATA6\TINYM24.DAT,reduced-LOD model,26782,28,54849536,57344
732,0x80014a24,DATA6,DATA6\TINYM23.DAT,reduced-LOD model,26810,7,54906880,14336
733,0x80014a38,DATA6,DATA6\TINYM22.DAT,reduced-LOD model,26817,4,54921216,8192
734,0x80014a4c,DATA6,DATA6\TINYM21.DAT,reduced-LOD model,26821,3,54929408,6144
735,0x80014a60,DATA6,DATA6\TINYM20.DAT,reduced-LOD model,26824,4,54935552,8192
736,0x80014a74,DATA6,DATA6\TINYM19.DAT,reduced-LOD model,26828,4,54943744,8192
737,0x80014a88,DATA6,DATA6\TINYM18.DAT,reduced-LOD model,26832,9,54951936,18432
738,0x80014a9c,DATA6,DATA6\TINYM17.DAT,reduced-LOD model,26841,2,54970368,4096
739,0x80014ab0,DATA6,DATA6\TINYM16.DAT,reduced-LOD model,26843,11,54974464,22528
740,0x80014ac4,DATA6,DATA6\TINYM15.DAT,reduced-LOD model,26854,8,54996992,16384
741,0x80014ad8,DATA6,DATA6\TINYM14.DAT,reduced-LOD model,26862,51,55013376,104448
742,0x80014aec,DATA6,DATA6\TINYM13.DAT,reduced-LOD model,26913,41,55117824,83968
743,0x80014b00,DATA6,DATA6\TINYM12.DAT,reduced-LOD model,26954,12,55201792,24576
752,0x80014b14,DATA6,DATA6\TINYM11.DAT,reduced-LOD model,26966,10,55226368,20480
753,0x80014b28,DATA6,DATA6\TINYM10.DAT,reduced-LOD model,26976,12,55246848,24576
754,0x80014b3c,DATA6,DATA6\TINYM09.DAT,reduced-LOD model,26988,8,55271424,16384
755,0x80014b50,DATA6,DATA6\TINYM08.DAT,reduced-LOD model,26996,3,55287808,6144
756,0x80014b64,DATA6,DATA6\TINYM07.DAT,reduced-LOD model,26999,8,55293952,16384
757,0x80014b78,DATA6,DATA6\TINYM06.DAT,reduced-LOD model,27007,3,55310336,6144
758,0x80014b8c,DATA6,DATA6\TINYM05.DAT,reduced-LOD model,27010,9,55316480,18432
759,0x80014ba0,DATA6,DATA6\TINYM04.DAT,reduced-LOD model,27019,15,55334912,30720
760,0x80014bb4,DATA6,DATA6\TINYM03.DAT,reduced-LOD model,27034,9,55365632,18432
761,0x80014bc8,DATA6,DATA6\TINYM02.DAT,reduced-LOD model,27043,4,55384064,8192
762,0x80014bdc,DATA6,DATA6\TINYM01.DAT,reduced-LOD model,27047,50,55392256,102400
763,0x80014bf0,DATA6,DATA6\TINYM00.DAT,reduced-LOD model,27097,8,55494656,16384
764,0x80014c04,DATA5,DATA5\T26.DAT,texture page archive,27105,4,55511040,8192
765,0x80014c14,DATA5,DATA5\T25.DAT,texture page archive,27109,2,55519232,4096
766,0x80014c24,DATA5,DATA5\T24.DAT,texture page archive,27111,3,55523328,6144
767,0x80014c34,DATA5,DATA5\T23.DAT,texture page archive,27114,5,55529472,10240
768,0x80014c44,DATA5,DATA5\T22.DAT,texture page archive,27119,12,55539712,24576
769,0x80014c54,DATA5,DATA5\T21.DAT,texture page archive,27131,5,55564288,10240
770,0x80014c64,DATA5,DATA5\T20.DAT,texture page archive,27136,10,55574528,20480
771,0x80014c74,DATA5,DATA5\T19.DAT,texture page archive,27146,10,55595008,20480
772,0x80014c84,DATA5,DATA5\T18.DAT,texture page archive,27156,56,55615488,114688
773,0x80014c94,DATA5,DATA5\T17.DAT,texture page archive,27212,42,55730176,86016
774,0x80014ca4,DATA5,DATA5\T16.DAT,texture page archive,27254,18,55816192,36864
783,0x80014cb4,DATA5,DATA5\T15.DAT,texture page archive,27272,10,55853056,20480
784,0x80014cc4,DATA5,DATA5\T14.DAT,texture page archive,27282,7,55873536,14336
785,0x80014cd4,DATA5,DATA5\T13.DAT,texture page archive,27289,5,55887872,10240
786,0x80014ce4,DATA5,DATA5\T12.DAT,texture page archive,27294,5,55898112,10240
787,0x80014cf4,DATA5,DATA5\T11.DAT,texture page archive,27299,7,55908352,14336
788,0x80014d04,DATA5,DATA5\T10.DAT,texture page archive,27306,3,55922688,6144
789,0x80014d14,DATA5,DATA5\T09.DAT,texture page archive,27309,7,55928832,14336
790,0x80014d24,DATA5,DATA5\T08.DAT,texture page archive,27316,11,55943168,22528
791,0x80014d34,DATA5,DATA5\T07.DAT,texture page archive,27327,10,55965696,20480
792,0x80014d44,DATA5,DATA5\T06.DAT,texture page archive,27337,6,55986176,12288
793,0x80014d54,DATA5,DATA5\T05.DAT,texture page archive,27343,41,55998464,83968
794,0x80014d64,DATA5,DATA5\T04.DAT,texture page archive,27384,7,56082432,14336
795,0x80014d74,DATA5,DATA5\T03.DAT,texture page archive,27391,4,56096768,8192
796,0x80014d84,DATA5,DATA5\T02.DAT,texture page archive,27395,3,56104960,6144
797,0x80014d94,DATA5,DATA5\T01.DAT,texture page archive,27398,4,56111104,8192
798,0x80014da4,DATA5,DATA5\T00.DAT,texture page archive,27402,2,56119296,4096
799,0x80014db4,DATA2,DATA2\S37.DAT,stage geometry,27404,14,56123392,28672
800,0x80014dc4,DATA2,DATA2\S36.DAT,stage geometry,27418,3,56152064,6144
801,0x80014dd4,DATA2,DATA2\S35.DAT,stage geometry,27421,9,56158208,18432
802,0x80014de4,DATA2,DATA2\S34.DAT,stage geometry,27430,9,56176640,18432
803,0x80014df4,DATA2,DATA2\S33.DAT,stage geometry,27439,55,56195072,112640
804,0x80014e04,DATA2,DATA2\S32.DAT,stage geometry,27494,33,56307712,67584
805,0x80014e14,DATA2,DATA2\S31.DAT,stage geometry,27527,14,56375296,28672
814,0x80014e24,DATA2,DATA2\S30.DAT,stage geometry,27541,8,56403968,16384
815,0x80014e34,DATA2,DATA2\S29.DAT,stage geometry,27549,7,56420352,14336
816,0x80014e44,DATA2,DATA2\S28.DAT,stage geometry,27556,6,56434688,12288
817,0x80014e54,DATA2,DATA2\S27.DAT,stage geometry,27562,3,56446976,6144
818,0x80014e64,DATA2,DATA2\S26.DAT,stage geometry,27565,42,56453120,86016
819,0x80014e74,DATA2,DATA2\S25.DAT,stage geometry,27607,8,56539136,16384
820,0x80014e84,DATA2,DATA2\S24.DAT,stage geometry,27615,4,56555520,8192
821,0x80014e94,DATA2,DATA2\S23.DAT,stage geometry,27619,2,56563712,4096
822,0x80014ea4,DATA2,DATA2\S22.DAT,stage geometry,27621,3,56567808,6144
823,0x80014eb4,DATA2,DATA2\S21.DAT,stage geometry,27624,3,56573952,6144
824,0x80014ec4,DATA2,DATA2\S20.DAT,stage geometry,27627,13,56580096,26624
825,0x80014ed4,DATA2,DATA2\S19.DAT,stage geometry,27640,15,56606720,30720
826,0x80014ee4,DATA2,DATA2\S18.DAT,stage geometry,27655,9,56637440,18432
827,0x80014ef4,DATA2,DATA2\S17.DAT,stage geometry,27664,6,56655872,12288
828,0x80014f04,DATA2,DATA2\S16.DAT,stage geometry,27670,37,56668160,75776
829,0x80014f14,DATA2,DATA2\S15.DAT,stage geometry,27707,7,56743936,14336
830,0x80014f24,DATA2,DATA2\S14.DAT,stage geometry,27714,3,56758272,6144
831,0x80014f34,DATA2,DATA2\S13.DAT,stage geometry,27717,3,56764416,6144
832,0x80014f44,DATA2,DATA2\S12.DAT,stage geometry,27720,3,56770560,6144
833,0x80014f54,DATA2,DATA2\S11.DAT,stage geometry,27723,6,56776704,12288
834,0x80014f64,DATA2,DATA2\S10.DAT,stage geometry,27729,10,56788992,20480
835,0x80014f74,DATA2,DATA2\S09.DAT,stage geometry,27739,3,56809472,6144
836,0x80014f84,DATA2,DATA2\S08.DAT,stage geometry,27742,10,56815616,20480
837,0x80014f94,DATA2,DATA2\S07.DAT,stage geometry,27752,9,56836096,18432
838,0x80014fa4,DATA2,DATA2\S06.DAT,stage geometry,27761,53,56854528,108544
839,0x80014fb4,DATA2,DATA2\S05.DAT,stage geometry,27814,36,56963072,73728
840,0x80014fc4,DATA2,DATA2\S04.DAT,stage geometry,27850,10,57036800,20480
849,0x80014fd4,DATA2,DATA2\S03.DAT,stage geometry,27860,9,57057280,18432
850,0x80014fe4,DATA2,DATA2\S02.DAT,stage geometry,27869,10,57075712,20480
851,0x80014ff4,DATA2,DATA2\S01.DAT,stage geometry,27879,10,57096192,20480
852,0x80015004,DATA2,DATA2\S00.DAT,stage geometry,27889,2,57116672,4096
853,0x80015014,DATA0,DATA0\CHANBARA1.DAT,intro / chambara cinematic,27891,60,57120768,122880
854,0x80015028,DATA0,DATA0\CHANBARA0.DAT,intro / chambara cinematic,27951,6,57243648,12288
855,0x8001503c,DATA0,DATA0\M306.DAT,character motion,27957,2,57255936,4096
856,0x8001504c,DATA0,DATA0\M300.DAT,character motion,27959,4,57260032,8192
857,0x8001505c,DATA0,DATA0\M305.DAT,character motion,27963,4,57268224,8192
858,0x8001506c,DATA0,DATA0\M304.DAT,character motion,27967,2,57276416,4096
859,0x8001507c,DATA0,DATA0\M303.DAT,character motion,27969,9,57280512,18432
860,0x8001508c,DATA0,DATA0\M302.DAT,character motion,27978,14,57298944,28672
861,0x8001509c,DATA0,DATA0\M301.DAT,character motion,27992,10,57327616,20480
862,0x800150ac,DATA0,DATA0\M211.DAT,character motion,28002,2,57348096,4096
863,0x800150bc,DATA0,DATA0\M210.DAT,character motion,28004,38,57352192,77824
864,0x800150cc,DATA0,DATA0\M209.DAT,character motion,28042,9,57430016,18432
865,0x800150dc,DATA0,DATA0\M208.DAT,character motion,28051,5,57448448,10240
866,0x800150ec,DATA0,DATA0\M207.DAT,character motion,28056,2,57458688,4096
867,0x800150fc,DATA0,DATA0\M206.DAT,character motion,28058,3,57462784,6144
868,0x8001510c,DATA0,DATA0\M205.DAT,character motion,28061,2,57468928,4096
869,0x8001511c,DATA0,DATA0\M204.DAT,character motion,28063,9,57473024,18432
870,0x8001512c,DATA0,DATA0\M203.DAT,character motion,28072,4,57491456,8192
871,0x8001513c,DATA0,DATA0\M202.DAT,character motion,28076,10,57499648,20480
872,0x8001514c,DATA0,DATA0\M201.DAT,character motion,28086,8,57520128,16384
873,0x8001515c,DATA0,DATA0\M200.DAT,character motion,28094,57,57536512,116736
874,0x8001516c,DATA0,DATA0\M005.DAT,character motion,28151,40,57653248,81920
875,0x8001517c,DATA0,DATA0\M004.DAT,character motion,28191,14,57735168,28672
884,0x8001518c,DATA0,DATA0\M003.DAT,character motion,28205,19,57763840,38912
885,0x8001519c,DATA0,DATA0\M111.DAT,character motion,28224,20,57802752,40960
886,0x800151ac,DATA0,DATA0\M110.DAT,character motion,28244,20,57843712,40960
887,0x800151bc,DATA0,DATA0\M109.DAT,character motion,28264,20,57884672,40960
888,0x800151cc,DATA0,DATA0\M108.DAT,character motion,28284,20,57925632,40960
889,0x800151dc,DATA0,DATA0\M107.DAT,character motion,28304,20,57966592,40960
890,0x800151ec,DATA0,DATA0\M106.DAT,character motion,28324,7,58007552,14336
891,0x800151fc,DATA0,DATA0\M105.DAT,character motion,28331,7,58021888,14336
892,0x8001520c,DATA0,DATA0\M104.DAT,character motion,28338,7,58036224,14336
893,0x8001521c,DATA0,DATA0\M103.DAT,character motion,28345,7,58050560,14336
894,0x8001522c,DATA0,DATA0\M102.DAT,character motion,28352,5,58064896,10240
895,0x8001523c,DATA0,DATA0\M101.DAT,character motion,28357,5,58075136,10240
896,0x8001524c,DATA0,DATA0\M100.DAT,character motion,28362,6,58085376,12288
897,0x8001525c,DATA0,DATA0\M002.DAT,character motion,28368,8,58097664,16384
899,0x8001526c,DATA0,DATA0\M001.DAT,character motion,38912,776,79691776,1589248
900,0x8001527c,DATA0,DATA0\M000.DAT,character motion,6400,22870,13107200,46837760
