address,current_name,proposed_name,confidence,subsystem,votes,signal,size,evidence,named_callers,named_callees
0x80032854,func_80032854,anim_helper_80032854,medium,anim,6,strict_caller,255,"calls 3 anim_* fn(s): anim_emit_210009_with_setup_80061250,anim_emit_21000CD_80061658,anim_emit_29000B",calc_loc_mat_fw;calc_loc_mat_fw_helper_8002A458;calc_teasi_loc_fw;cpu_ai_pick_move_for_situation_80030D7C;cpu_calc_move_pattern_trajectory_80023F08;cpu_check_special_move_input_80032C50;cpu_check_tubazeri_2;cpu_side_move_dir;mk_g2l;mode_handler_05_NoOp;saTan2KabutoWareMove;saTan3MainJump;single_game_CheckStatusUpDataTotalOver;single_game_SetAbilityData,anim_emit_210009_with_setup_80061250;anim_emit_21000CD_80061658;anim_emit_29000B_80061454
0x80060CB8,func_80060CB8,bb2_helper_80060CB8,medium,bb2,4,callee_cluster,83,"calls 2 bb2_* fn(s): bb2_rand,bb2_srand_80079184",file_LoadOverlay_80016C80,bb2_rand;bb2_srand_80079184;game_FrameLoop;gpu_DrawSync;gpu_LoadImage;replay_camera_Init_80036D98;saTan1GaugeInit
0x8008C464,func_8008C464,bios_helper_8008C464,medium,bios,6,strict_caller,763,"calls 3 bios_* fn(s): bios_DeliverEvent,bios_SysDeqIntRP,bios_SysEnqIntRP",pad_ClearAppliBuffer,EnterCriticalSection;ExitCriticalSection;SetPacketData;bios_DeliverEvent;bios_SysDeqIntRP;bios_SysEnqIntRP;cpu_side_move_dir_3
0x8003A174,func_8003A174,bios_helper_8003A174,medium,bios,4,callee_cluster,60,"calls 2 bios_* fn(s): bios_FileOpen_B,bios_OpenEvent",replay_camera_wait_for_playback_8003ACB8,EnterCriticalSection;ExitCriticalSection;bios_FileOpen_B;bios_OpenEvent;sys_VSync
0x8003A264,func_8003A264,bios_helper_8003A264,medium,bios,4,callee_cluster,30,"calls 2 bios_* fn(s): bios_CloseEvent,bios_FileClose_B",,EnterCriticalSection;ExitCriticalSection;bios_CloseEvent;bios_FileClose_B;sys_VSync
0x80082A14,func_80082A14,bios_helper_80082A14,medium,bios,4,strict_caller,39,"calls 2 bios_* fn(s): bios_ChangeClearPad,bios_ChangeClearRCnt",sys_VSync,bios_ChangeClearPad;bios_ChangeClearRCnt;tslTm2LoadImage_2
0x800886C4,func_800886C4,bios_helper_800886C4,medium,bios,4,callee_cluster,31,"calls 2 bios_* fn(s): bios_EnableEvent,bios_OpenEvent",,EnterCriticalSection;ExitCriticalSection;bios_EnableEvent;bios_OpenEvent
0x800892F8,func_800892F8,bios_helper_800892F8,medium,bios,4,callee_cluster,31,"calls 2 bios_* fn(s): bios_CloseEvent,bios_DisableEvent",spu_Reset_80083B30,EnterCriticalSection;ExitCriticalSection;bios_CloseEvent;bios_DisableEvent
0x8002C0DC,func_8002C0DC,calc_helper_8002C0DC,medium,calc,4,callee_cluster,84,"calls 2 calc_* fn(s): calc_AngleDelta_8001F860,calc_loc_mat_fw",cpu_exec_main_game_loop_frame_8002C61C,calc_AngleDelta_8001F860;calc_loc_mat_fw;single_game_getEnemyCharId
0x80031B24,func_80031B24,calc_helper_80031B24,medium,calc,4,callee_cluster,327,"calls 2 calc_* fn(s): calc_NormVector_800274BC,calc_teasi_loc_fw",cpu_exec_main_game_loop_frame_8002C61C,calc_NormVector_800274BC;calc_teasi_loc_fw;motion_dispatch_event_handler_80032854;saSeInit;saTan2LinePrimInit;single_game_getEnemyCharId
0x8001EFA0,func_8001EFA0,cpu_helper_8001EFA0,medium,cpu,16,callee_cluster,137,"calls 8 cpu_* fn(s): cpu_advance_move_counter_800397A0,cpu_ai_pick_move_for_situation_80030D7C,cpu_ca",,LWCard_SetAccessData;cpu_advance_move_counter_800397A0;cpu_ai_pick_move_for_situation_80030D7C;cpu_calc_move_pattern_trajectory_80023F08;cpu_clear_move_buffers_80039320;cpu_exec_main_game_loop_frame_8002C61C;cpu_init_game_objects_8001DA2C;cpu_init_stage_and_camera_setup_8001E404;cpu_update_frame_timing_stats_8002006C;mk_leaf_newpos;mottest_disp;myRobGeneiDraw2;suLeagueSystemInit
0x8001E878,func_8001E878,cpu_helper_8001E878,medium,cpu,14,callee_cluster,99,"calls 7 cpu_* fn(s): cpu_advance_move_counter_800397A0,cpu_ai_pick_move_for_situation_80030D7C,cpu_ca",,camera_set_target_zoom;cpu_advance_move_counter_800397A0;cpu_ai_pick_move_for_situation_80030D7C;cpu_calc_move_pattern_trajectory_80023F08;cpu_clear_move_buffers_80039320;cpu_exec_main_game_loop_frame_8002C61C;cpu_init_stage_and_camera_setup_8001E404;cpu_update_frame_timing_stats_8002006C;mk_leaf_newpos;myRobGeneiDraw2;myRobGeneiMove
0x80023F08,func_80023F08,efc_helper_80023F08,medium,efc,4,strict_caller,2983,"calls 2 efc_* fn(s): efc_anim_vehicle_setup_80049718,efc_rob_Init",cpu_get_move_pattern_table_number;mode_handler_01_GameFrameUpdate;mode_handler_17_GameContinueFrame,calc_AngleDelta_8001F860;camera_set_zoom;coli_check_circle_hit_line;cpu_check_tubazeri_2;efc_anim_vehicle_setup_80049718;efc_rob_Init;hirahira_w_ctrl;md_game_rob_data_init;motion_dispatch_event_handler_80032854;single_game_SetAbilityData;single_game_getEnemyCharId
0x8003993C,func_8003993C,efc_helper_8003993C,medium,efc,4,callee_cluster,526,"calls 2 efc_* fn(s): efc_anim_vehicle_setup_80049718,efc_rob_Init",,cpu_init_game_objects_8001DA2C;efc_anim_vehicle_setup_80049718;efc_rob_Init;hirahira_w_ctrl;md_game_restart_init;md_menu_logo_exec;mk_leaf_newpos;motion_dispatch_event_handler_80032854;suDispMentalBar
0x800417D0,func_800417D0,efc_helper_800417D0,medium,efc,4,strict_caller,64,calls 1 efc_* fn(s): efc_effect_dispatch_child_recursive_800417D0,efc_effect_dispatch_child_recursive_800417D0;efc_rob_set_type_flash;motion_CheckSituation,efc_effect_dispatch_child_recursive_800417D0
0x8005490C,func_8005490C,efc_helper_8005490C,medium,efc,4,callee_cluster,407,"calls 2 efc_* fn(s): efc_anim_vehicle_setup_80049718,efc_rob_Init",md_game_frame_setup_80054F68,FadeOut_8003FFC4;calc_fc_frame_8007EC5C;efc_anim_vehicle_setup_80049718;efc_rob_Init;stage_InitCollision
0x800676C8,func_800676C8,efc_helper_800676C8,medium,efc,4,callee_cluster,15,"calls 2 efc_* fn(s): efc_init_phase1_setup_buffer_800678A8,efc_init_phase2_randomize_80067D14",,efc_init_phase1_setup_buffer_800678A8;efc_init_phase2_randomize_80067D14
0x80067704,func_80067704,efc_helper_80067704,medium,efc,4,callee_cluster,15,"calls 2 efc_* fn(s): efc_init_phase1_setup_buffer_800678A8,efc_init_phase2_randomize_80067D14",,efc_init_phase1_setup_buffer_800678A8;efc_init_phase2_randomize_80067D14
0x80067740,func_80067740,efc_helper_80067740,medium,efc,4,callee_cluster,15,"calls 2 efc_* fn(s): efc_init_phase1_setup_buffer_800678A8,efc_init_phase2_randomize_80067D14",,efc_init_phase1_setup_buffer_800678A8;efc_init_phase2_randomize_80067D14
0x8006777C,func_8006777C,efc_helper_8006777C,medium,efc,4,callee_cluster,15,"calls 2 efc_* fn(s): efc_init_phase1_setup_buffer_800678A8,efc_init_phase2_randomize_80067D14",,efc_init_phase1_setup_buffer_800678A8;efc_init_phase2_randomize_80067D14
0x800677B8,func_800677B8,efc_helper_800677B8,medium,efc,4,callee_cluster,15,"calls 2 efc_* fn(s): efc_init_phase1_setup_buffer_800678A8,efc_init_phase2_randomize_80067D14",,efc_init_phase1_setup_buffer_800678A8;efc_init_phase2_randomize_80067D14
0x800677F4,func_800677F4,efc_helper_800677F4,medium,efc,4,callee_cluster,15,"calls 2 efc_* fn(s): efc_init_phase1_setup_buffer_800678A8,efc_init_phase2_randomize_80067D14",,efc_init_phase1_setup_buffer_800678A8;efc_init_phase2_randomize_80067D14
0x80067830,func_80067830,efc_helper_80067830,medium,efc,4,callee_cluster,15,"calls 2 efc_* fn(s): efc_init_phase1_setup_buffer_800678A8,efc_init_phase2_randomize_80067D14",,efc_init_phase1_setup_buffer_800678A8;efc_init_phase2_randomize_80067D14
0x8006786C,func_8006786C,efc_helper_8006786C,medium,efc,4,callee_cluster,15,"calls 2 efc_* fn(s): efc_init_phase1_setup_buffer_800678A8,efc_init_phase2_randomize_80067D14",,efc_init_phase1_setup_buffer_800678A8;efc_init_phase2_randomize_80067D14
0x800397D4,func_800397D4,gnd_helper_800397D4,medium,gnd,4,callee_cluster,30,"calls 2 gnd_* fn(s): gnd_init_80041688,gnd_open",,game_Cleanup;gnd_init_80041688;gnd_open;tslDmaDrawListDelAll
0x80043454,func_80043454,gnd_helper_80043454,medium,gnd,4,strict_caller,479,"calls 2 gnd_* fn(s): gnd_set_fog,gnd_set_fog2",efc_video_decode_setup_800433E4;videoDecCreate,InitFadePanel;gnd_set_fog;gnd_set_fog2;tslDrTex1Init3;tslDrTex1Init4
0x8003DE14,func_8003DE14,gpu_helper_8003DE14,medium,gpu,6,callee_cluster,179,"calls 3 gpu_* fn(s): gpu_DrawSync,gpu_LoadImage,gpu_StoreImage",satan_camera_setup_matrix_8003E120,gpu_DrawSync;gpu_LoadImage;gpu_StoreImage
0x8006E10C,func_8006E10C,gpu_helper_8006E10C,medium,gpu,6,callee_cluster,103,"calls 3 gpu_* fn(s): gpu_DrawSync,gpu_LoadImage,gpu_SetDispMask",,cpu_copy_display_buffer_and_sync_8007BC08;game_FrameLoop;gpu_DrawSync;gpu_LoadImage;gpu_SetDispMask;obj_GetValue_80036F28;replay_camera_Init_80036D98
0x80016888,func_80016888,gpu_helper_80016888,medium,gpu,4,callee_cluster,18,"calls 2 gpu_* fn(s): gpu_DrawSync,gpu_SetDispMask",,gpu_DrawSync;gpu_SetDispMask
0x80016918,func_80016918,gpu_helper_80016918,medium,gpu,4,callee_cluster,64,"calls 2 gpu_* fn(s): gpu_DrawSync,gpu_SetDispMask",,gpu_DrawSync;gpu_SetDispMask;tslDmaDrawListDelAll
0x800602AC,func_800602AC,gpu_helper_800602AC,medium,gpu,4,callee_cluster,90,"calls 2 gpu_* fn(s): gpu_DrawSync,gpu_LoadImage",,game_FrameLoop;gpu_DrawSync;gpu_LoadImage;obj_GetValue_80036F28;replay_camera_Init_80036D98
0x80068F70,func_80068F70,gpu_helper_80068F70,medium,gpu,4,callee_cluster,108,"calls 2 gpu_* fn(s): gpu_DrawSync,gpu_MoveImage",disp_init_for_mode_80077820,camera_init_matrix_table_8006E49C;efc_rob_Close;gpu_DrawSync;gpu_MoveImage
0x8006E2A8,func_8006E2A8,gpu_helper_8006E2A8,medium,gpu,4,callee_cluster,58,"calls 2 gpu_* fn(s): gpu_DrawSync,gpu_SetDispMask",,cpu_copy_display_buffer_and_sync_8007BC08;gpu_DrawSync;gpu_SetDispMask
0x8006E534,func_8006E534,gpu_helper_8006E534,medium,gpu,4,callee_cluster,222,"calls 2 gpu_* fn(s): gpu_DrawSync,gpu_MoveImage",disp_apply_config_with_state_80077984,camera_init_matrix_table_8006E49C;efc_buki_ZanzouClose;gpu_DrawSync;gpu_MoveImage
0x8006E8CC,func_8006E8CC,gpu_helper_8006E8CC,medium,gpu,4,callee_cluster,33,"calls 2 gpu_* fn(s): gpu_DrawSync,gpu_LoadImage",sync_flag_check_advance_80069120,gpu_DrawSync;gpu_LoadImage;saTan2GaugeInit_80077D00
0x8006E950,func_8006E950,gpu_helper_8006E950,medium,gpu,4,strict_caller,54,"calls 2 gpu_* fn(s): gpu_DrawSync,gpu_LoadImage",camera_get_rot_normal_rad;disp_init_video_overlay_80078824,game_FrameLoop;gpu_DrawSync;gpu_LoadImage;replay_camera_Init_80036D98
0x8006ECF4,func_8006ECF4,gpu_helper_8006ECF4,medium,gpu,4,callee_cluster,209,"calls 2 gpu_* fn(s): gpu_DrawSync,gpu_LoadImage",,gpu_DrawSync;gpu_LoadImage
0x80077D94,func_80077D94,gpu_helper_80077D94,medium,gpu,4,callee_cluster,468,"calls 2 gpu_* fn(s): gpu_DrawSync,gpu_LoadImage",,gpu_DrawSync;gpu_LoadImage;saMotionSet;satan_sprite_batch_render_8007352C
0x8007CAC8,func_8007CAC8,gpu_helper_8007CAC8,medium,gpu,4,callee_cluster,58,"calls 2 gpu_* fn(s): gpu_DrawTimeoutCheck,gpu_vcount_init_8007DC68",,gpu_DrawTimeoutCheck;gpu_vcount_init_8007DC68
0x8007CE0C,func_8007CE0C,gpu_helper_8007CE0C,medium,gpu,4,callee_cluster,143,"calls 2 gpu_* fn(s): gpu_DrawTimeoutCheck,gpu_vcount_init_8007DC68",,gpu_DrawTimeoutCheck;gpu_vcount_init_8007DC68
0x8007D048,func_8007D048,gpu_helper_8007D048,medium,gpu,4,callee_cluster,161,"calls 2 gpu_* fn(s): gpu_DrawTimeoutCheck,gpu_vcount_init_8007DC68",,gpu_DrawTimeoutCheck;gpu_vcount_init_8007DC68
0x8007D3F8,func_8007D3F8,gpu_helper_8007D3F8,medium,gpu,4,callee_cluster,184,"calls 2 gpu_* fn(s): gpu_DrawTimeoutCheck,gpu_vcount_init_8007DC68",,gpu_DrawTimeoutCheck;gpu_vcount_init_8007DC68;motion_make_table
0x8007DB20,func_8007DB20,gpu_helper_8007DB20,medium,gpu,4,callee_cluster,82,"calls 2 gpu_* fn(s): gpu_DrawTimeoutCheck,gpu_vcount_init_8007DC68",,gpu_DrawTimeoutCheck;gpu_vcount_init_8007DC68
0x8003A450,func_8003A450,irq_helper_8003A450,medium,irq,4,callee_cluster,73,"calls 2 irq_* fn(s): irq_event_slot_clear,irq_event_slot_read",single_game_HashAndStoreData_8003A728,bios_FileWrite_B;irq_event_slot_clear;irq_event_slot_read
0x8003AAB0,func_8003AAB0,irq_helper_8003AAB0,medium,irq,4,strict_caller,37,"calls 2 irq_* fn(s): irq_event_slot_clear,irq_event_slot_read",camera_SetMatrix_8001DBE4;game_FrameLoop,irq_event_slot_clear;irq_event_slot_read;sys_VSync
0x80046AE8,func_80046AE8,irq_helper_80046AE8,medium,irq,4,callee_cluster,14,"calls 2 irq_* fn(s): irq_event_slot_configure,irq_event_slot_enable",,irq_event_slot_configure;irq_event_slot_enable
0x8001C51C,func_8001C51C,mario_helper_8001C51C,medium,mario,10,callee_cluster,66,"calls 5 mario_* fn(s): mario_test_apply_status_updates_80022F34,mario_test_get_guard_power_80021974,mar",,gnd_init_8001B294;mario_test_apply_status_updates_80022F34;mario_test_get_guard_power_80021974;mario_test_init_dialog_memory_800392C8;mario_test_initialize_match_80022580;mario_test_move_to_inventory_800218C8;title_mv_exec
0x8001C4C0,func_8001C4C0,mario_helper_8001C4C0,medium,mario,4,callee_cluster,23,"calls 2 mario_* fn(s): mario_test_get_guard_power_80021974,mario_test_move_to_inventory_800218C8",,mario_test_get_guard_power_80021974;mario_test_move_to_inventory_800218C8
0x8003B10C,func_8003B10C,mario_helper_8003B10C,medium,mario,4,strict_caller,64,"calls 2 mario_* fn(s): mario_test_record_fade_value_800494D4,mario_test_set_fade_trigger_800493E4",mode_handler_18_UnlockAnimDispatch,EndADRSound;efc_rob_type_dispatch_80049584;gnd_close_8004939C;mario_test_record_fade_value_800494D4;mario_test_set_fade_trigger_800493E4
0x80020CDC,func_80020CDC,mode_helper_80020CDC,medium,mode,5,strict_caller,23,calls 0 mode_* fn(s): ,mode_handler_06_GameTeardownVariant;mode_handler_10_GameTeardown;mode_handler_15_TeardownVariant;mode_handler_18_UnlockAnimDispatch;mode_handler_25_PostBattleSetup;scene_teardown_80035DC8;scene_teardown_variant_80035480,seq_Reset
0x80035FA8,func_80035FA8,mode_helper_80035FA8,medium,mode,4,strict_caller,14,"called by mode_* fn(s): mode_handler_06_GameTeardownVariant,mode_handler_09_NoOp,mode_handler_10_GameTea",camera_SetMatrix_8001DA8C;mode_handler_06_GameTeardownVariant;mode_handler_09_NoOp;mode_handler_10_GameTeardown;mode_handler_18_UnlockAnimDispatch;replay_camera_rob_back_loose2;replay_camera_state_transition_800355E8,
0x8003AF40,func_8003AF40,mode_helper_8003AF40,medium,mode,4,strict_caller,47,calls 0 mode_* fn(s): ,DispSamnailWindow_helper_8003B20C;mode_handler_05_NoOp;mode_handler_07_SubModeTransition;mode_handler_18_UnlockAnimDispatch;mode_handler_29_StageLeafUpdate;suDispMentalBar;suDispMentalBar_helper_8003B3A4;suDispMentalBar_helper_8003B4DC,EndADRSound;mario_test_initialize_match_80022580;player_rob_Init
0x8003AFFC,func_8003AFFC,mode_helper_8003AFFC,medium,mode,4,strict_caller,68,calls 0 mode_* fn(s): ,mode_handler_05_NoOp;mode_handler_06_GameTeardownVariant;mode_handler_07_SubModeTransition;mode_handler_29_StageLeafUpdate;suDispMentalBar;suDispMentalBar_helper_8003B3A4;suDispMentalBar_helper_8003B4DC,EndADRSound;efc_rob_type_dispatch_80049584;gnd_close_8004939C;mario_test_record_fade_value_800494D4;mario_test_set_fade_trigger_800493E4
0x8005C650,func_8005C650,mode_helper_8005C650,medium,mode,4,strict_caller,32,"called by mode_* fn(s): mode_handler_03_NoOp,mode_handler_21_FrameTimerSfx,mode_handler_25_PostBattleSet",camera_set_target_zoom;cpu_exec_match_round_stage_select_80016E60;cpu_get_move_pattern_table_number;file_io_state_dispatch_80038988;mk_leaf_newpos;mode_handler_03_NoOp;mode_handler_21_FrameTimerSfx;mode_handler_25_PostBattleSetup;mode_handler_29_StageLeafUpdate;motion_SetMotion;motion_ShiftControl;replay_camera_attack;replay_camera_rob_back_loose2,
0x80030BA8,func_80030BA8,motion_helper_80030BA8,medium,motion,4,callee_cluster,87,"calls 2 motion_* fn(s): motion_dispatch_event_handler_80032854,motion_shift_check_e_kawashi",cpu_calc_move_pattern_trajectory_80023F08,motion_dispatch_event_handler_80032854;motion_shift_check_e_kawashi
0x8001DA2C,func_8001DA2C,obj_helper_8001DA2C,medium,obj,8,strict_caller,24,"calls 4 obj_* fn(s): obj_InitChars,obj_InitPair,obj_InitTask,obj_Reset",cpu_get_move_pattern_table_number;mode_handler_05_NoOp;mode_handler_06_GameTeardownVariant;mode_handler_17_GameContinueFrame;mode_handler_25_PostBattleSetup;mode_handler_28_PostBattleMisc;mode_handler_29_StageLeafUpdate;mode_handler_33_RebootBegin,obj_InitChars;obj_InitPair;obj_InitTask;obj_Reset
0x8005B43C,func_8005B43C,obj_helper_8005B43C,medium,obj,6,callee_cluster,52,"calls 3 obj_* fn(s): obj_ResetReverbMode_80085F98,obj_SetControlData_80085E4C,obj_SetReverbValue_8008",file_LoadSoundData_80016CF8,DispStuff;SetBloodSpot;obj_ResetReverbMode_80085F98;obj_SetControlData_80085E4C;obj_SetReverbValue_80085EE4;title_mv_exec2
0x80040510,func_80040510,rob_helper_80040510,medium,rob,4,strict_caller,33,"calls 2 rob_* fn(s): rob_calc_2d_position,rob_life_ctrl",mode_handler_00_GameInit,AllocRobRmd;FadeOut_8003FFC4;audioDecBeginPut;rob_calc_2d_position;rob_life_ctrl;satan_camera_setup_matrix_8003E120;tslPrintScreen
0x80035828,func_80035828,satan_helper_80035828,medium,satan,8,callee_cluster,360,"calls 4 satan_* fn(s): saTan2InfoInit_8006C1FC,saTan2InfoInit_80077A60,saTan2InfoInit_80077AC0,saTanMai",,bb2_rand;cpu_frame_init_and_loop_wrapper_800372C0;damage_CalcHitDamage;disp_apply_config_with_state_80077984;file_io_state_dispatch_80038988;gauge_flag_set_80077B20;motion_SetMotion;replay_camera_decode_player_bits_80077940;replay_camera_rob_back_loose2;replay_camera_state_transition_800355E8;saTan2InfoInit_8006C1FC;saTan2InfoInit_80077A60;saTan2InfoInit_80077AC0;saTanMainDispGnd_80077A04;single_game_SetWazaData;special_cam_lookup_table_entry_80037110;tslDrTex1Init2
0x800467B8,func_800467B8,satan_helper_800467B8,medium,satan,6,callee_cluster,62,"calls 3 satan_* fn(s): saTan2InfoInit_80044F80,saTan5TakeGetPos_80045230,saTan5TakeGetPos_80045694",,efc_particle_queue_entry_800455AC;prim_buffer_open_slot_80044010;saSeMain_80045600;saTan2InfoInit_80044F80;saTan5TakeGetPos_80045230;saTan5TakeGetPos_80045694
0x8002C61C,func_8002C61C,satan_helper_8002C61C,medium,satan,4,strict_caller,284,"calls 2 satan_* fn(s): saTan2KabutoWareMove,saTan3MainJump",cpu_get_move_pattern_table_number;mode_handler_01_GameFrameUpdate;mode_handler_17_GameContinueFrame,Pad_Prs;PutRobShadow;calc_loc_mat_fw;motion_GameCalcMotion;saTan2KabutoWareMove;saTan3MainJump
0x80045878,func_80045878,satan_helper_80045878,medium,satan,4,strict_caller,108,"calls 2 satan_* fn(s): saTan5TakeGetPos_80045230,saTan5TakeGetPos_80045694",player_rob_Init,efc_particle_queue_entry_800455AC;saSeMain_80045600;saTan5TakeGetPos_80045230;saTan5TakeGetPos_80045694
0x800460E4,func_800460E4,satan_helper_800460E4,medium,satan,4,callee_cluster,248,"calls 2 satan_* fn(s): saTan5TakeGetPos_80045230,saTan5TakeGetPos_80045694",game_StageCleanup_80046EDC,efc_particle_queue_entry_800455AC;gpu_DrawSync;md_game_check_mode;md_mtest_init;prim_buffer_open_slot_80044010;saSeMain_80045600;saTan5TakeGetPos_80045230;saTan5TakeGetPos_80045694
0x8004695C,func_8004695C,satan_helper_8004695C,medium,satan,4,callee_cluster,17,"calls 2 satan_* fn(s): saTan5TakeGetPos_80045230,saTan5TakeGetPos_80045694",,saSeMain_80045600;saTan5TakeGetPos_80045230;saTan5TakeGetPos_80045694
0x800469C4,func_800469C4,satan_helper_800469C4,medium,satan,4,callee_cluster,39,"calls 2 satan_* fn(s): saTan5TakeGetPos_80045230,saTan5TakeGetPos_80045694",,efc_particle_queue_entry_800455AC;marionation_GetFrameOffset;saSeMain_80045600;saTan5TakeGetPos_80045230;saTan5TakeGetPos_80045694
0x8006A880,func_8006A880,satan_helper_8006A880,medium,satan,4,callee_cluster,552,"calls 2 satan_* fn(s): saTan3GaugeMain_8006A564,satan_sprite_batch_render_8007352C",,saMotionSet;saTan3GaugeMain_8006A564;satan_sprite_batch_render_8007352C
0x8006F97C,func_8006F97C,satan_helper_8006F97C,medium,satan,4,callee_cluster,515,"calls 2 satan_* fn(s): saTan3GaugeMain_80073200,satan_sprite_batch_render_8007352C",,replay_camera_attack;saMotionSet;saTan3GaugeMain_80073200;satan_sprite_batch_render_8007352C
0x80070C70,func_80070C70,satan_helper_80070C70,medium,satan,4,callee_cluster,194,"calls 2 satan_* fn(s): saTan3GaugeMain_80073200,satan_sprite_batch_render_8007352C",,motion_ShiftControl;saMotionSet;saTan3GaugeMain_80073200;satan_sprite_batch_render_8007352C
0x800720FC,func_800720FC,satan_helper_800720FC,medium,satan,4,callee_cluster,690,"calls 2 satan_* fn(s): saTan3GaugeMain_80073200,satan_sprite_batch_render_8007352C",,saMotionSet;saTan3GaugeMain_80073200;satan_sprite_batch_render_8007352C
0x8005BF78,func_8005BF78,spu_helper_8005BF78,medium,spu,4,callee_cluster,63,"calls 2 spu_* fn(s): spu_TransferData_capped,spu_TransferDirect_capped",,coli_CheckBukiPreHit_800880B8;snd_ChannelDmaFlush;spu_TransferData_capped;spu_TransferDirect_capped;title_mv_exec2;tslCDFileRead
0x80022580,func_80022580,stage_helper_80022580,medium,stage,4,strict_caller,621,"calls 2 stage_* fn(s): stage_GetTriple,stage_find_far_corners_with_rand_80022224",mode_handler_00_GameInit,pad_button_info_clear;single_game_getEnemyCharId;stage_GetTriple;stage_find_far_corners_with_rand_80022224
0x80058580,func_80058580,ai_helper_80058580,low,ai,2,callee_cluster,2991,calls 1 ai_* fn(s): ai_compute_target_direction_80057094,calc_loc_mat_fw_80055B60,ai_compute_target_direction_80057094;bb2_rand;single_game_getEnemyCharId
0x80086BFC,func_80086BFC,allocbukirmd_helper_80086BFC,low,allocbukirmd,1,strict_caller,63,called by allocbukirmd_* fn(s): AllocBukiRmd,AllocBukiRmd,
0x800871D4,func_800871D4,allocbukirmd_helper_800871D4,low,allocbukirmd,1,strict_caller,52,called by allocbukirmd_* fn(s): AllocBukiRmd,AllocBukiRmd;md_game_end;title_mv_exec2,
0x80089D10,func_80089D10,allocbukirmd_helper_80089D10,low,allocbukirmd,1,relaxed_caller,20,called by allocbukirmd_* fn(s): AllocBukiRmd_helper_80086CF8,AllocBukiRmd_helper_80086CF8,
0x80044010,func_80044010,allocrobrmd_helper_80044010,low,allocrobrmd,1,strict_caller,34,called by allocrobrmd_* fn(s): AllocRobRmd,AllocRobRmd;efc_rob_set_type_particle;snd_LoadBgm_800467B8,
0x800520B8,func_800520B8,allocrobrmd_helper_800520B8,low,allocrobrmd,1,strict_caller,202,called by allocrobrmd_* fn(s): AllocRobRmd,AllocRobRmd;calc_fc_frame;efc_rob_set_type_particle_helper_80049C24;hirahira_w_frie;md_mtest_init;saTan0Init,
0x80016514,func_80016514,ang_helper_80016514,low,ang,2,callee_cluster,57,calls 1 ang_* fn(s): ang_hosei,,ang_hosei;bios_FileClose_B;md_gview_init;syscall_wrapper_break_80083698
0x800165F8,func_800165F8,ang_helper_800165F8,low,ang,2,callee_cluster,51,calls 1 ang_* fn(s): ang_hosei,,ang_hosei;bios_FileClose_B;md_gview_init;syscall_wrapper_break_80083698
0x80040D48,func_80040D48,ang_helper_80040D48,low,ang,2,strict_caller,272,calls 1 ang_* fn(s): ang_hosei_8003F62C,cpu_calc_move_pattern_trajectory_80023F08;mode_handler_05_NoOp,ang_hosei_8003F62C;efc_effect_dispatch_child_recursive_800417D0;md_mode_set_800400B0
0x8004016C,func_8004016C,ang_helper_8004016C,low,ang,1,strict_caller,12,called by ang_* fn(s): ang_hosei_8003F62C,ang_hosei_8003F62C;player_Destroy,
0x80060A68,func_80060A68,anim_helper_80060A68,low,anim,3,relaxed_caller,66,"called by anim_* fn(s): anim_emit_210009_with_setup_80061250,anim_emit_21000CD_80061658,anim_emit_29000B",anim_emit_210009_with_setup_80061250;anim_emit_21000CD_80061658;anim_emit_29000B_80061454,
0x80044100,func_80044100,audio_helper_80044100,low,audio,1,relaxed_caller,28,called by audio_* fn(s): audio_chain_fade_load_80046048,audio_chain_fade_load_80046048;snd_BgmCallback_800468DC,
0x800457A0,func_800457A0,audio_helper_800457A0,low,audio,1,relaxed_caller,13,called by audio_* fn(s): audio_chain_fade_load_80046048,audio_chain_fade_load_80046048,
0x80016CF8,func_80016CF8,bb2_helper_80016CF8,low,bb2,2,callee_cluster,32,calls 1 bb2_* fn(s): bb2_memcpy,,bb2_memcpy;saFidLoad
0x80021DB0,func_80021DB0,bb2_helper_80021DB0,low,bb2,2,callee_cluster,285,calls 1 bb2_* fn(s): bb2_rand,mario_test_initialize_match_80022580,bb2_rand;camera_check_inside_screen_rob_dpos
0x80022224,func_80022224,bb2_helper_80022224,low,bb2,2,callee_cluster,121,calls 1 bb2_* fn(s): bb2_rand,mario_test_initialize_match_80022580,bb2_rand
0x800571C0,func_800571C0,bb2_helper_800571C0,low,bb2,2,callee_cluster,287,calls 1 bb2_* fn(s): bb2_rand,,bb2_rand;camera_check_inside_screen_rob_dpos
0x800645B0,func_800645B0,bb2_helper_800645B0,low,bb2,2,callee_cluster,78,calls 1 bb2_* fn(s): bb2_rand,,bb2_rand
0x8007C0B0,func_8007C0B0,bb2_helper_8007C0B0,low,bb2,2,callee_cluster,14,calls 1 bb2_* fn(s): bb2_memcpy,,bb2_memcpy
0x80016A18,func_80016A18,bios_helper_80016A18,low,bios,2,callee_cluster,29,calls 1 bios_* fn(s): bios_ChangeClearPad,,bios_ChangeClearPad;memcard_event_init_800375EC
0x80037540,func_80037540,bios_helper_80037540,low,bios,2,strict_caller,43,calls 1 bios_* fn(s): bios_exec_wrapper_with_setup_80037468,mode_handler_15_TeardownVariant,bios_exec_wrapper_with_setup_80037468
0x800378A8,func_800378A8,bios_helper_800378A8,low,bios,2,callee_cluster,29,calls 1 bios_* fn(s): bios_TestEvent,file_io_state_advance_80038658,bios_TestEvent
0x8003A360,func_8003A360,bios_helper_8003A360,low,bios,2,callee_cluster,15,calls 1 bios_* fn(s): bios_EnableEvent,,bios_EnableEvent
0x8007AE7C,func_8007AE7C,bios_helper_8007AE7C,low,bios,2,callee_cluster,97,calls 1 bios_* fn(s): bios_GPU_cw,,bios_GPU_cw;debug_printf
0x80023648,func_80023648,calc_helper_80023648,low,calc,2,callee_cluster,159,calls 1 calc_* fn(s): calc_AngleDelta_8001F860,cpu_calc_move_pattern_trajectory_80023F08,calc_AngleDelta_8001F860
0x80044504,func_80044504,calc_helper_80044504,low,calc,2,callee_cluster,83,calls 1 calc_* fn(s): calc_fc_frame_8007EC5C,leaf_muki_awase_800444E0;saTanMainDispGnd_800444BC,_SelectSection;calc_fc_frame_8007EC5C;load_D_800905F8_8003E2C8
0x8001F860,func_8001F860,calc_helper_8001F860,low,calc,1,strict_caller,10,called by calc_* fn(s): calc_teasi_loc_fw,calc_teasi_loc_fw;cpu_calc_move_pattern_trajectory_80023F08,
0x8002738C,func_8002738C,calc_helper_8002738C,low,calc,1,strict_caller,43,called by calc_* fn(s): calc_teasi_loc_fw,calc_teasi_loc_fw,
0x80027438,func_80027438,calc_helper_80027438,low,calc,1,strict_caller,33,called by calc_* fn(s): calc_teasi_loc_fw,calc_teasi_loc_fw,
0x800274BC,func_800274BC,calc_helper_800274BC,low,calc,1,strict_caller,97,called by calc_* fn(s): calc_loc_mat_fw,calc_loc_mat_fw,
0x8002EECC,func_8002EECC,calc_helper_8002EECC,low,calc,1,relaxed_caller,257,called by calc_* fn(s): calc_fc_frame_800203B4,calc_fc_frame_800203B4,
0x800430E4,func_800430E4,calc_helper_800430E4,low,calc,1,relaxed_caller,88,called by calc_* fn(s): calc_loc_mat_fw_8004A940,calc_loc_mat_fw_8004A940,
0x80055948,func_80055948,calc_helper_80055948,low,calc,1,relaxed_caller,127,called by calc_* fn(s): calc_loc_mat_fw_80055B60,calc_loc_mat_fw_80055B60,
0x8007E11C,func_8007E11C,calc_helper_8007E11C,low,calc,1,relaxed_caller,33,called by calc_* fn(s): calc_loc_mat_fw_80055B60,calc_loc_mat_fw_80055B60,
0x8001A820,func_8001A820,camera_helper_8001A820,low,camera,2,strict_caller,582,calls 1 camera_* fn(s): camera_check_inside_screen_rob_dpos,mode_handler_01_GameFrameUpdate,camera_check_inside_screen_rob_dpos;disppracticemenutex_DivideAngle_8001A4F0;single_game_getEnemyCharId
0x800233AC,func_800233AC,camera_helper_800233AC,low,camera,2,callee_cluster,167,calls 1 camera_* fn(s): camera_check_inside_screen_rob_dpos,ai_compute_target_direction_80057094;cpu_calc_move_pattern_trajectory_80023F08,camera_check_inside_screen_rob_dpos;single_game_getEnemyCharId
0x80023E40,func_80023E40,camera_helper_80023E40,low,camera,2,callee_cluster,50,calls 1 camera_* fn(s): camera_check_inside_screen_rob_dpos,cpu_calc_move_pattern_trajectory_80023F08,camera_check_inside_screen_rob_dpos
0x80053304,func_80053304,camera_helper_80053304,low,camera,2,callee_cluster,82,calls 1 camera_* fn(s): camera_compute_fixed_point_matrices_80052D00,,camera_compute_fixed_point_matrices_80052D00
0x8005344C,func_8005344C,camera_helper_8005344C,low,camera,2,strict_caller,78,calls 1 camera_* fn(s): camera_compute_fixed_point_matrices_80052D00,cpu_ai_pick_move_for_situation_80030D7C;myRobGeneiDraw2,camera_compute_fixed_point_matrices_80052D00
0x80053584,func_80053584,camera_helper_80053584,low,camera,2,callee_cluster,36,calls 1 camera_* fn(s): camera_compute_fixed_point_matrices_80052D00,,camera_compute_fixed_point_matrices_80052D00
0x80056CB8,func_80056CB8,camera_helper_80056CB8,low,camera,2,callee_cluster,204,calls 1 camera_* fn(s): camera_check_inside_screen_rob_dpos,calc_loc_mat_fw_80055B60,camera_check_inside_screen_rob_dpos;single_game_getEnemyCharId
0x8005E098,func_8005E098,camera_helper_8005E098,low,camera,2,strict_caller,289,calls 0 camera_* fn(s): ,camera_set_target_zoom;camera_set_zoom_wrapper_8005E51C,saMotionSet;satan_sprite_batch_render_8007352C
0x800770B8,func_800770B8,camera_helper_800770B8,low,camera,2,callee_cluster,175,calls 1 camera_* fn(s): camera_init_matrix_table_8006E49C,replay_camera_apply_transform_and_flip_80077A80,camera_init_matrix_table_8006E49C
0x800340A0,func_800340A0,camera_helper_800340A0,low,camera,1,strict_caller,88,called by camera_* fn(s): camera_set_target_zoom,camera_set_target_zoom,
0x800371E8,func_800371E8,camera_helper_800371E8,low,camera,1,strict_caller,4,called by camera_* fn(s): camera_SetMatrix_8001DA8C,camera_SetMatrix_8001DA8C;mode_handler_09_NoOp;replay_camera_state_transition_800355E8,
0x8003E120,func_8003E120,camera_helper_8003E120,low,camera,1,strict_caller,17,called by camera_* fn(s): camera_SetMatrix_8003E164,camera_SetMatrix_8003E164;efc_rob_type_dispatch_80049584;player_rob_Init;saTan4FireDisp,
0x80052D00,func_80052D00,camera_helper_80052D00,low,camera,1,strict_caller,385,called by camera_* fn(s): camera_check_inside_screen_rob_dpos,camera_check_inside_screen_rob_dpos,
0x80053694,func_80053694,camera_helper_80053694,low,camera,1,relaxed_caller,48,called by camera_* fn(s): camera_compute_fixed_point_matrices_80052D00,camera_compute_fixed_point_matrices_80052D00,
0x8005FA98,func_8005FA98,camera_helper_8005FA98,low,camera,1,strict_caller,76,called by camera_* fn(s): camera_set_target_zoom,camera_set_target_zoom;cpu_get_move_pattern_table_number;mode_handler_25_PostBattleSetup,
0x8006E49C,func_8006E49C,camera_helper_8006E49C,low,camera,1,strict_caller,38,called by camera_* fn(s): camera_get_rot_normal_rad,camera_get_rot_normal_rad;disp_init_video_overlay_80078824,
0x80035F30,func_80035F30,cd_helper_80035F30,low,cd,2,strict_caller,18,calls 1 cd_* fn(s): cd_send_cmd_80080600,game_FrameInit;special_camera_set_win_cam,cd_send_cmd_80080600
0x80080620,func_80080620,cdrom_helper_80080620,low,cdrom,1,strict_caller,8,called by cdrom_* fn(s): cdrom_stream_callback_80036064,cdrom_stream_callback_80036064;tslTm2LoadImage_2,
0x800453E0,func_800453E0,channel_helper_800453E0,low,channel,2,callee_cluster,76,calls 0 channel_* fn(s): ,channel_helper_8_80046914;channel_helper_A_80046A60;display_setup_80046020;efc_particle_queue_entry_800455AC;player_allocate_sprite_80045A50,saTan0Init
0x8001C8DC,func_8001C8DC,char_helper_8001C8DC,low,char,2,strict_caller,291,calls 1 char_* fn(s): char_get_motion_keyframe_table_entry_prev_80021904,mode_handler_01_GameFrameUpdate,char_get_motion_keyframe_table_entry_prev_80021904;cpu_find_closest_hotspot_80022408;mario_getMarioVoiceData_8001C820;player_rob_Init;saTan4FireDisp;suDispMentalBar
0x80046B44,func_80046B44,clear_helper_80046B44,low,clear,2,callee_cluster,44,calls 1 clear_* fn(s): clear_array_8010367E_80044498,,clear_array_8010367E_80044498;saTan5TakeGetCnt
0x80016D78,func_80016D78,coli_helper_80016D78,low,coli,2,callee_cluster,50,calls 1 coli_* fn(s): coli_CheckRobEnemy,,coli_CheckRobEnemy;debug_printf;katinuki_game_setData_8003D2C4
0x80030900,func_80030900,coli_helper_80030900,low,coli,2,callee_cluster,75,calls 1 coli_* fn(s): coli_hit_body_weapon,,coli_hit_body_weapon
0x80030A2C,func_80030A2C,coli_helper_80030A2C,low,coli,2,callee_cluster,57,calls 1 coli_* fn(s): coli_hit_body_weapon,,coli_hit_body_weapon
0x8003D7B4,func_8003D7B4,coli_helper_8003D7B4,low,coli,2,callee_cluster,53,calls 1 coli_* fn(s): coli_calc_motion,,coli_calc_motion
0x8005C5A8,func_8005C5A8,coli_helper_8005C5A8,low,coli,2,callee_cluster,27,calls 1 coli_* fn(s): coli_CheckBukiPreHit_80088088,tslGlobalMemFree_8005C2A8,coli_CheckBukiPreHit_80088088;snd_ChannelDmaFlush
0x80089A24,func_80089A24,coli_helper_80089A24,low,coli,2,callee_cluster,9,calls 1 coli_* fn(s): coli_HitPauseKatana_2,,coli_HitPauseKatana_2
0x80021424,func_80021424,cpu_helper_80021424,low,cpu,2,strict_caller,297,"called by cpu_* fn(s): cpu_calc_move_pattern_trajectory_80023F08,cpu_side_move_dir",cpu_calc_move_pattern_trajectory_80023F08;cpu_side_move_dir;single_game_CheckStatusUpDataTotalOver,
0x80021A98,func_80021A98,cpu_helper_80021A98,low,cpu,2,strict_caller,158,"called by cpu_* fn(s): cpu_calc_move_pattern_trajectory_80023F08,cpu_side_move_dir",cpu_calc_move_pattern_trajectory_80023F08;cpu_side_move_dir;hirahira_w_frie2;mode_handler_00_GameInit;single_game_CheckStatusUpDataTotalOver,
0x8003339C,func_8003339C,cpu_helper_8003339C,low,cpu,2,callee_cluster,63,calls 1 cpu_* fn(s): cpu_check_special_move_input_80032C50,,cpu_check_special_move_input_80032C50
0x800342A0,func_800342A0,cpu_helper_800342A0,low,cpu,2,strict_caller,84,calls 1 cpu_* fn(s): cpu_frame_init_and_loop_wrapper_800372C0,DispSamnailWindow;camera_set_target_zoom;mode_handler_25_PostBattleSetup,_GetBattleSwichData;cpu_frame_init_and_loop_wrapper_800372C0
0x8003C2C0,func_8003C2C0,cpu_helper_8003C2C0,low,cpu,2,callee_cluster,91,calls 1 cpu_* fn(s): cpu_frame_init_and_loop_wrapper_800372C0,,cpu_frame_init_and_loop_wrapper_800372C0;md_game_frame_setup_80054F68;ui_stop_selection_800548DC
0x8003C560,func_8003C560,cpu_helper_8003C560,low,cpu,2,callee_cluster,109,calls 1 cpu_* fn(s): cpu_frame_init_and_loop_wrapper_800372C0,,cpu_frame_init_and_loop_wrapper_800372C0;gnd_render_affine_texpage_8005E54C
0x8003CF84,func_8003CF84,cpu_helper_8003CF84,low,cpu,2,callee_cluster,208,calls 1 cpu_* fn(s): cpu_init_game_objects_8001DA2C,,cpu_init_game_objects_8001DA2C;eff_FrameUpdate;md_game_frame_setup_80054F68;md_menu_logo_exec;mk_leaf_newpos;stage_GetTriple;ui_stop_selection_800548DC
0x8005C6D0,func_8005C6D0,cpu_helper_8005C6D0,low,cpu,2,strict_caller,118,calls 0 cpu_* fn(s): ,cpu_exec_match_round_stage_select_80016E60;cpu_set_move_command_and_dir_for_no_action_2;game_FrameLoop;replay_camera_attack;replay_camera_wait_for_playback_8003ACB8,AllocBukiRmd;coli_calc_motion2
0x8005C8A8,func_8005C8A8,cpu_helper_8005C8A8,low,cpu,2,strict_caller,753,calls 0 cpu_* fn(s): ,cpu_exec_match_round_stage_select_80016E60;cpu_get_move_pattern_table_number;mode_handler_25_PostBattleSetup,saMotionSet;satan_sprite_batch_render_8007352C
0x80077B30,func_80077B30,cpu_helper_80077B30,low,cpu,2,strict_caller,116,calls 1 cpu_* fn(s): cpu_reset_dir,mode_handler_09_NoOp,cpu_reset_dir;saTan2InfoInit_8006C1FC
0x80079154,func_80079154,cpu_helper_80079154,low,cpu,2,strict_caller,12,"called by cpu_* fn(s): cpu_set_move_command_and_dir_for_no_action,cpu_set_move_command_and_dir_for_no_a",DispHira_helper_800620B8;calc_loc_mat_fw_80055B60;cpu_set_move_command_and_dir_for_no_action;cpu_set_move_command_and_dir_for_no_action_2;efc_gte_setup_and_draw_80067200;efc_init_phase2_randomize_80067D14;gnd_disp_loop_ctrl;gnd_land_hit_char_tsuba;mario_getMarioVoiceData_8001C820;mode_handler_03_NoOp;mode_handler_09_NoOp;replay_camera_wait_for_playback_8003ACB8;single_game_SetStatusUpData;stage_find_far_corners_with_rand_80022224,
0x800198D0,func_800198D0,cpu_helper_800198D0,low,cpu,1,strict_caller,749,called by cpu_* fn(s): cpu_calc_move_pattern_trajectory_80023F08,cpu_calc_move_pattern_trajectory_80023F08;mode_handler_05_NoOp,
0x8001A538,func_8001A538,cpu_helper_8001A538,low,cpu,1,strict_caller,61,called by cpu_* fn(s): cpu_init_stage_and_camera_setup_8001E404,cpu_init_stage_and_camera_setup_8001E404;md_game_restart_init,
0x8001B690,func_8001B690,cpu_helper_8001B690,low,cpu,1,relaxed_caller,25,called by cpu_* fn(s): cpu_calc_move_pattern_trajectory_80023F08,cpu_calc_move_pattern_trajectory_80023F08,
0x8001F888,func_8001F888,cpu_helper_8001F888,low,cpu,1,relaxed_caller,44,called by cpu_* fn(s): cpu_update_frame_timing_stats_8002006C,cpu_update_frame_timing_stats_8002006C,
0x8001F938,func_8001F938,cpu_helper_8001F938,low,cpu,1,relaxed_caller,107,called by cpu_* fn(s): cpu_calc_move_pattern_trajectory_80023F08,cpu_calc_move_pattern_trajectory_80023F08,
0x800200DC,func_800200DC,cpu_helper_800200DC,low,cpu,1,relaxed_caller,182,called by cpu_* fn(s): cpu_calc_move_pattern_trajectory_80023F08,cpu_calc_move_pattern_trajectory_80023F08,
0x80023C30,func_80023C30,cpu_helper_80023C30,low,cpu,1,relaxed_caller,33,called by cpu_* fn(s): cpu_calc_move_pattern_trajectory_80023F08,cpu_calc_move_pattern_trajectory_80023F08,
0x80023CB4,func_80023CB4,cpu_helper_80023CB4,low,cpu,1,relaxed_caller,21,called by cpu_* fn(s): cpu_calc_move_pattern_trajectory_80023F08,cpu_calc_move_pattern_trajectory_80023F08,
0x80023D08,func_80023D08,cpu_helper_80023D08,low,cpu,1,relaxed_caller,8,called by cpu_* fn(s): cpu_calc_move_pattern_trajectory_80023F08,cpu_calc_move_pattern_trajectory_80023F08,
0x80023D28,func_80023D28,cpu_helper_80023D28,low,cpu,1,relaxed_caller,36,called by cpu_* fn(s): cpu_calc_move_pattern_trajectory_80023F08,cpu_calc_move_pattern_trajectory_80023F08,
0x80023DB8,func_80023DB8,cpu_helper_80023DB8,low,cpu,1,relaxed_caller,34,called by cpu_* fn(s): cpu_calc_move_pattern_trajectory_80023F08,cpu_calc_move_pattern_trajectory_80023F08,
0x8002798C,func_8002798C,cpu_helper_8002798C,low,cpu,1,relaxed_caller,51,called by cpu_* fn(s): cpu_calc_move_pattern_trajectory_80023F08,cpu_calc_move_pattern_trajectory_80023F08,
0x8002872C,func_8002872C,cpu_helper_8002872C,low,cpu,1,relaxed_caller,103,called by cpu_* fn(s): cpu_exec_main_game_loop_frame_8002C61C,cpu_exec_main_game_loop_frame_8002C61C,
0x80030D50,func_80030D50,cpu_helper_80030D50,low,cpu,1,relaxed_caller,11,called by cpu_* fn(s): cpu_ai_pick_move_for_situation_80030D7C,cpu_ai_pick_move_for_situation_80030D7C,
0x800325E0,func_800325E0,cpu_helper_800325E0,low,cpu,1,strict_caller,157,called by cpu_* fn(s): cpu_check_special_move_input_80032C50,cpu_check_special_move_input_80032C50;mario_getMarioVoiceData_8001C820;mk_leaf_newpos;motion_dispatch_event_handler_80032854,
0x80039680,func_80039680,cpu_helper_80039680,low,cpu,1,relaxed_caller,72,called by cpu_* fn(s): cpu_calc_move_pattern_trajectory_80023F08,cpu_calc_move_pattern_trajectory_80023F08,
0x8003D330,func_8003D330,cpu_helper_8003D330,low,cpu,1,strict_caller,27,called by cpu_* fn(s): cpu_set_move_command_and_dir_for_no_action_2,cpu_set_move_command_and_dir_for_no_action_2,
0x8003F3D4,func_8003F3D4,cpu_helper_8003F3D4,low,cpu,1,relaxed_caller,19,called by cpu_* fn(s): cpu_init_stage_and_camera_setup_8001E404,cpu_init_stage_and_camera_setup_8001E404,
0x80061A3C,func_80061A3C,cpu_helper_80061A3C,low,cpu,1,relaxed_caller,36,called by cpu_* fn(s): cpu_check_special_move_input_80032C50,cpu_check_special_move_input_80032C50,
0x8007CA00,func_8007CA00,cpu_helper_8007CA00,low,cpu,1,relaxed_caller,44,called by cpu_* fn(s): cpu_copy_display_buffer_and_sync_8007BC08,cpu_copy_display_buffer_and_sync_8007BC08,
0x8006BEC4,func_8006BEC4,damage_helper_8006BEC4,low,damage,1,strict_caller,169,called by damage_* fn(s): damage_CalcHitDamage,damage_CalcHitDamage;file_io_state_dispatch_80038988;motion_SetMotion,
0x8004211C,func_8004211C,decbs0_helper_8004211C,low,decbs0,2,callee_cluster,34,calls 1 decbs0_* fn(s): decBs0,game_StageInit_80046DA8,decBs0
0x8004A1FC,func_8004A1FC,decbs0_helper_8004A1FC,low,decbs0,1,strict_caller,83,called by decbs0_* fn(s): decBs0,decBs0;gnd_land_hit_char_die_main;replay_camera_rob_back_win_near,
0x80035480,func_80035480,disp_helper_80035480,low,disp,2,callee_cluster,47,calls 1 disp_* fn(s): disp_init_for_mode_80077820,,disp_init_for_mode_80077820;obj_InitAll;player_Destroy;seq_ConditionalReset;set_flag_D_800A3730_8003A41C
0x800421C8,func_800421C8,disp_helper_800421C8,low,disp,2,callee_cluster,61,calls 1 disp_* fn(s): disp_set_fade_color_80042478,game_StageCleanup_80046EDC,disp_set_fade_color_80042478;gnd_land_hit_char_die_main
0x80078628,func_80078628,disp_helper_80078628,low,disp,1,relaxed_caller,3,called by disp_* fn(s): disp_init_video_overlay_80078824,disp_init_video_overlay_80078824,
0x80046EA0,func_80046EA0,disphira_helper_80046EA0,low,disphira,2,callee_cluster,15,calls 1 disphira_* fn(s): DispHira,,DispHira;tslLineG5Init
0x80052C28,func_80052C28,disphira_helper_80052C28,low,disphira,1,relaxed_caller,9,called by disphira_* fn(s): DispHira_helper_800620B8,DispHira_helper_800620B8;efc_init_phase2_randomize_80067D14;tslLineG5Init_helper_8003DBE4,
0x80060E38,func_80060E38,disphira_helper_80060E38,low,disphira,1,strict_caller,139,called by disphira_* fn(s): DispHira_helper_800620B8,DispHira_helper_800620B8;eff_FrameUpdate,
0x80046AA0,func_80046AA0,display_helper_80046AA0,low,display,2,callee_cluster,18,calls 1 display_* fn(s): display_setup_80046020,,display_setup_80046020;player_Destroy
0x80049584,func_80049584,display_helper_80049584,low,display,2,strict_caller,99,calls 1 display_* fn(s): display_setup_80046020,kgm_init_hitrect;md_menu_logo_exec;mode_handler_00_GameInit,display_setup_80046020;efc_rob_set_type_particle;satan_camera_setup_matrix_8003E120
0x8001BAE4,func_8001BAE4,disppracticemenutex_helper_8001BAE4,low,disppracticemenutex,2,strict_caller,61,calls 1 disppracticemenutex_* fn(s): DispPracticeMenuTex_A,mode_handler_05_NoOp,DispPracticeMenuTex_A;single_game_getEnemyCharId
0x8001BBD8,func_8001BBD8,disppracticemenutex_helper_8001BBD8,low,disppracticemenutex,2,strict_caller,38,calls 1 disppracticemenutex_* fn(s): DispPracticeMenuTex_A,mode_handler_05_NoOp,DispPracticeMenuTex_A;single_game_getEnemyCharId
0x80029454,func_80029454,disppracticemenutex_helper_80029454,low,disppracticemenutex,2,callee_cluster,1025,calls 1 disppracticemenutex_* fn(s): DispPracticeMenuTex_C,cpu_exec_main_game_loop_frame_8002C61C,DispPracticeMenuTex_C;motion_dispatch_event_handler_80032854;saTan0KiWareMoveB
0x8001A4F0,func_8001A4F0,disppracticemenutex_helper_8001A4F0,low,disppracticemenutex,1,strict_caller,18,called by disppracticemenutex_* fn(s): DispPracticeMenuTex_A,DispPracticeMenuTex_A,
0x80034708,func_80034708,dispsamnailwindow_helper_80034708,low,dispsamnailwindow,2,callee_cluster,544,calls 1 dispsamnailwindow_* fn(s): DispSamnailWindow,,DispSamnailWindow;DispSleepMenuTex;bb2_rand
0x8003504C,func_8003504C,dispsamnailwindow_helper_8003504C,low,dispsamnailwindow,2,strict_caller,141,calls 1 dispsamnailwindow_* fn(s): DispSamnailWindow,mode_handler_09_NoOp,DispSamnailWindow;saTan2GaugeInit_80077D00
0x8002304C,func_8002304C,dispschoolbg_helper_8002304C,low,dispschoolbg,2,callee_cluster,216,calls 1 dispschoolbg_* fn(s): DispSchoolBG,cpu_calc_move_pattern_trajectory_80023F08,DispSchoolBG
0x8007F87C,func_8007F87C,dispschoolbg_helper_8007F87C,low,dispschoolbg,1,strict_caller,102,called by dispschoolbg_* fn(s): DispSchoolBG,DispSchoolBG;md_game_rob_anim_offset_8002F770;saSeInit;saTan0KiWareMoveB;special_camera_Init,
0x8007FA1C,func_8007FA1C,dispschoolbg_helper_8007FA1C,low,dispschoolbg,1,strict_caller,102,called by dispschoolbg_* fn(s): DispSchoolBG,DispSchoolBG;md_game_rob_anim_offset_8002F770;saSeInit;saTan0KiWareMoveB;special_camera_Init,
0x8001A484,func_8001A484,dispsleepmenutex_helper_8001A484,low,dispsleepmenutex,2,callee_cluster,27,calls 1 dispsleepmenutex_* fn(s): DispSleepMenuTex,,DispSleepMenuTex
0x8003D39C,func_8003D39C,dispsleepmenutex_helper_8003D39C,low,dispsleepmenutex,1,strict_caller,55,called by dispsleepmenutex_* fn(s): DispSleepMenuTex,DispSleepMenuTex,
0x80087770,func_80087770,dispstuff_helper_80087770,low,dispstuff,2,callee_cluster,335,calls 0 dispstuff_* fn(s): ,DispStuff_helper_800841E0;DispStuff_helper_80084500,AddTbpOfst
0x80087CAC,func_80087CAC,dispstuff_helper_80087CAC,low,dispstuff,2,relaxed_caller,61,"called by dispstuff_* fn(s): DispStuff_helper_800841E0,DispStuff_helper_80084500",DispStuff_helper_800841E0;DispStuff_helper_80084500,
0x80088F9C,func_80088F9C,dispupdatestatusmessage_helper_80088F9C,low,dispupdatestatusmessage,2,strict_caller,34,calls 1 dispupdatestatusmessage_* fn(s): DispUpdateStatusMessage,spu_TransferData_capped,DispUpdateStatusMessage;saTan0GaugeDraw
0x80030208,func_80030208,efc_helper_80030208,low,efc,2,callee_cluster,73,calls 1 efc_* fn(s): efc_anim_vehicle_setup_80049718,cpu_ai_pick_move_for_situation_80030D7C,efc_anim_vehicle_setup_80049718;saSeInit_2
0x8004748C,func_8004748C,efc_helper_8004748C,low,efc,2,callee_cluster,8,calls 1 efc_* fn(s): efc_rob_set_type_flash,,efc_rob_set_type_flash
0x80047510,func_80047510,efc_helper_80047510,low,efc,2,callee_cluster,8,calls 1 efc_* fn(s): efc_rob_set_type_flash,,efc_rob_set_type_flash
0x8004779C,func_8004779C,efc_helper_8004779C,low,efc,2,callee_cluster,8,calls 1 efc_* fn(s): efc_rob_set_type_flash,,efc_rob_set_type_flash
0x800477E8,func_800477E8,efc_helper_800477E8,low,efc,2,callee_cluster,170,calls 1 efc_* fn(s): efc_effect_dispatch_child_recursive_800417D0,,efc_effect_dispatch_child_recursive_800417D0
0x800481E8,func_800481E8,efc_helper_800481E8,low,efc,2,callee_cluster,56,calls 1 efc_* fn(s): efc_buki_draw_zanzou,,efc_buki_draw_zanzou
0x800484A0,func_800484A0,efc_helper_800484A0,low,efc,2,callee_cluster,36,calls 1 efc_* fn(s): efc_palette_convert_rgb555_8004876C,,efc_palette_convert_rgb555_8004876C;gpu_LoadImage
0x80066EC0,func_80066EC0,efc_helper_80066EC0,low,efc,2,callee_cluster,13,calls 1 efc_* fn(s): efc_gte_setup_and_draw_80067200,,efc_gte_setup_and_draw_80067200
0x80066EF4,func_80066EF4,efc_helper_80066EF4,low,efc,2,callee_cluster,13,calls 1 efc_* fn(s): efc_gte_setup_and_draw_80067200,,efc_gte_setup_and_draw_80067200
0x80066F28,func_80066F28,efc_helper_80066F28,low,efc,2,callee_cluster,13,calls 1 efc_* fn(s): efc_gte_setup_and_draw_80067200,,efc_gte_setup_and_draw_80067200
0x80066F5C,func_80066F5C,efc_helper_80066F5C,low,efc,2,callee_cluster,13,calls 1 efc_* fn(s): efc_gte_setup_and_draw_80067200,,efc_gte_setup_and_draw_80067200
0x80066F90,func_80066F90,efc_helper_80066F90,low,efc,2,callee_cluster,13,calls 1 efc_* fn(s): efc_gte_setup_and_draw_80067200,,efc_gte_setup_and_draw_80067200
0x80066FC4,func_80066FC4,efc_helper_80066FC4,low,efc,2,callee_cluster,13,calls 1 efc_* fn(s): efc_gte_setup_and_draw_80067200,,efc_gte_setup_and_draw_80067200
0x80066FF8,func_80066FF8,efc_helper_80066FF8,low,efc,2,callee_cluster,13,calls 1 efc_* fn(s): efc_gte_setup_and_draw_80067200,,efc_gte_setup_and_draw_80067200
0x8006702C,func_8006702C,efc_helper_8006702C,low,efc,2,callee_cluster,13,calls 1 efc_* fn(s): efc_gte_setup_and_draw_80067200,,efc_gte_setup_and_draw_80067200
0x80067060,func_80067060,efc_helper_80067060,low,efc,2,callee_cluster,13,calls 1 efc_* fn(s): efc_gte_setup_and_draw_80067200,,efc_gte_setup_and_draw_80067200
0x80067094,func_80067094,efc_helper_80067094,low,efc,2,callee_cluster,13,calls 1 efc_* fn(s): efc_gte_setup_and_draw_80067200,,efc_gte_setup_and_draw_80067200
0x800670C8,func_800670C8,efc_helper_800670C8,low,efc,2,callee_cluster,13,calls 1 efc_* fn(s): efc_gte_setup_and_draw_80067200,,efc_gte_setup_and_draw_80067200
0x800670FC,func_800670FC,efc_helper_800670FC,low,efc,2,callee_cluster,13,calls 1 efc_* fn(s): efc_gte_setup_and_draw_80067200,,efc_gte_setup_and_draw_80067200
0x80067130,func_80067130,efc_helper_80067130,low,efc,2,callee_cluster,13,calls 1 efc_* fn(s): efc_gte_setup_and_draw_80067200,,efc_gte_setup_and_draw_80067200
0x80067164,func_80067164,efc_helper_80067164,low,efc,2,callee_cluster,13,calls 1 efc_* fn(s): efc_gte_setup_and_draw_80067200,,efc_gte_setup_and_draw_80067200
0x80067198,func_80067198,efc_helper_80067198,low,efc,2,callee_cluster,13,calls 1 efc_* fn(s): efc_gte_setup_and_draw_80067200,,efc_gte_setup_and_draw_80067200
0x800671CC,func_800671CC,efc_helper_800671CC,low,efc,2,callee_cluster,13,calls 1 efc_* fn(s): efc_gte_setup_and_draw_80067200,,efc_gte_setup_and_draw_80067200
0x80076FF8,func_80076FF8,efc_helper_80076FF8,low,efc,2,callee_cluster,40,calls 1 efc_* fn(s): efc_ptr_array_offset_apply_8006920C,,efc_ptr_array_offset_apply_8006920C
0x80017A44,func_80017A44,efc_helper_80017A44,low,efc,1,strict_caller,208,called by efc_* fn(s): efc_rob_ougi_control,efc_rob_ougi_control,
0x8004876C,func_8004876C,efc_helper_8004876C,low,efc,1,strict_caller,44,called by efc_* fn(s): efc_buki_draw_zanzou,efc_buki_draw_zanzou,
0x8004954C,func_8004954C,efc_helper_8004954C,low,efc,1,relaxed_caller,14,called by efc_* fn(s): efc_rob_type_dispatch_80049584,efc_rob_type_dispatch_80049584,
0x8001E6E4,func_8001E6E4,eff_helper_8001E6E4,low,eff,2,strict_caller,71,calls 1 eff_* fn(s): eff_FrameUpdate,mode_handler_05_NoOp,eff_FrameUpdate;replay_camera_rob_back_win_near
0x80041E10,func_80041E10,eff_helper_80041E10,low,eff,1,strict_caller,40,called by eff_* fn(s): eff_FrameUpdate,eff_FrameUpdate,
0x80060B70,func_80060B70,eff_helper_80060B70,low,eff,1,strict_caller,60,called by eff_* fn(s): eff_FrameUpdate,eff_FrameUpdate,
0x8003AE5C,func_8003AE5C,endadrsound_helper_8003AE5C,low,endadrsound,2,strict_caller,57,calls 1 endadrsound_* fn(s): EndADRSound,DispSamnailWindow_helper_8003B20C;mode_handler_23_FrameDelay3,EndADRSound
0x8007FEDC,func_8007FEDC,entercriticalsection_helper_8007FEDC,low,entercriticalsection,2,callee_cluster,39,calls 1 entercriticalsection_* fn(s): EnterCriticalSection,,EnterCriticalSection;ExitCriticalSection
0x80083954,func_80083954,entercriticalsection_helper_80083954,low,entercriticalsection,2,callee_cluster,49,calls 1 entercriticalsection_* fn(s): EnterCriticalSection,,EnterCriticalSection;ExitCriticalSection
0x8008BE04,func_8008BE04,entercriticalsection_helper_8008BE04,low,entercriticalsection,2,callee_cluster,18,calls 1 entercriticalsection_* fn(s): EnterCriticalSection,,EnterCriticalSection;ExitCriticalSection;bios_AddDevice_B
0x8008BE4C,func_8008BE4C,entercriticalsection_helper_8008BE4C,low,entercriticalsection,2,callee_cluster,22,calls 1 entercriticalsection_* fn(s): EnterCriticalSection,,EnterCriticalSection;ExitCriticalSection
0x800899A8,func_800899A8,exec_helper_800899A8,low,exec,2,strict_caller,31,calls 1 exec_* fn(s): exec_game,snd_ChannelDmaFlush,exec_game
0x8003AA48,func_8003AA48,game_helper_8003AA48,low,game,3,strict_caller,12,calls 0 game_* fn(s): ,camera_SetMatrix_8001DBE4;game_FrameLoop;game_exec_display_dma_loop_8003AAB0;game_exec_display_sync_8003AA78;marionation_camera_GetMaxFrame;replay_camera_wait_for_playback_8003ACB8,single_game_HashAndStoreData_8003A728
0x8004473C,func_8004473C,game_helper_8004473C,low,game,3,relaxed_caller,49,"called by game_* fn(s): game_EffInit2_800474F0,game_EffInit_8004746C,game_EffStart_8004777C",game_EffInit2_800474F0;game_EffInit_8004746C;game_EffStart_8004777C,
0x8001EA04,func_8001EA04,game_helper_8001EA04,low,game,2,callee_cluster,32,calls 1 game_* fn(s): game_Cleanup,,game_Cleanup;gnd_init_80041688
0x8001EEB4,func_8001EEB4,game_helper_8001EEB4,low,game,2,callee_cluster,59,calls 1 game_* fn(s): game_Cleanup,,game_Cleanup;mario_test_move_to_inventory_800218C8
0x80044E74,func_80044E74,game_helper_80044E74,low,game,2,strict_caller,25,calls 1 game_* fn(s): game_FrameLoop,efc_particle_set_type_dispatch_80044F50;marionation_GetFrameOffset;saTan2InfoInit_80044F80;seq_Start,game_FrameLoop;ndata_disc_read_scheduler_80036E34
0x80048F58,func_80048F58,game_helper_80048F58,low,game,2,callee_cluster,41,calls 0 game_* fn(s): ,game_AnimInit_800474AC;game_AnimStart_80047738,InitFadePanel
0x80048FFC,func_80048FFC,game_helper_80048FFC,low,game,2,relaxed_caller,232,"called by game_* fn(s): game_AnimCleanup_800474D0,game_AnimStop_8004775C",game_AnimCleanup_800474D0;game_AnimStop_8004775C,
0x8003D91C,func_8003D91C,game_helper_8003D91C,low,game,1,relaxed_caller,33,called by game_* fn(s): game_Init_80046B44,game_Init_80046B44,
0x8003E0E0,func_8003E0E0,game_helper_8003E0E0,low,game,1,relaxed_caller,16,called by game_* fn(s): game_StageCleanup_80046EDC,game_StageCleanup_80046EDC,
0x8003F7F4,func_8003F7F4,game_helper_8003F7F4,low,game,1,relaxed_caller,12,called by game_* fn(s): game_Init_80046B44,game_Init_80046B44,
0x80042E90,func_80042E90,game_helper_80042E90,low,game,1,relaxed_caller,18,called by game_* fn(s): game_Init_80046B44,game_Init_80046B44,
0x80044498,func_80044498,game_helper_80044498,low,game,1,relaxed_caller,9,called by game_* fn(s): game_Init_80046B44,game_Init_80046B44,
0x80049E4C,func_80049E4C,game_helper_80049E4C,low,game,1,relaxed_caller,64,called by game_* fn(s): game_Init_80046B44,game_Init_80046B44,
0x80049F4C,func_80049F4C,game_helper_80049F4C,low,game,1,relaxed_caller,84,called by game_* fn(s): game_Init_80046B44,game_Init_80046B44,
0x80073728,func_80073728,gnd_helper_80073728,low,gnd,3,strict_caller,340,"called by gnd_* fn(s): gnd_draw_texpage_2poly_8005D46C,gnd_land_hit_char_tsuba,gnd_render_affine_texpag",gnd_draw_texpage_2poly_8005D46C;gnd_land_hit_char_tsuba;gnd_render_affine_texpage_8005E54C;motion_ShiftControl;saTan3GaugeMain_80073200,
0x8001B6F4,func_8001B6F4,gnd_helper_8001B6F4,low,gnd,2,strict_caller,21,calls 1 gnd_* fn(s): gnd_init_80041688,mode_handler_04_GameSetup,gnd_init_80041688
0x800486FC,func_800486FC,gnd_helper_800486FC,low,gnd,2,strict_caller,18,"called by gnd_* fn(s): gnd_init_80041688,gnd_land_hit_char_die_main",disp_set_fade_color_80042478;efc_buki_draw_zanzou;gnd_init_80041688;gnd_land_hit_char_die_main;rob_life_ctrl_2;saTan4FireDisp;snd_LoadBgm_800467B8,
0x8004881C,func_8004881C,gnd_helper_8004881C,low,gnd,2,strict_caller,18,"called by gnd_* fn(s): gnd_init_80041688,gnd_land_hit_char_die_main",disp_set_fade_color_80042478;gnd_init_80041688;gnd_land_hit_char_die_main;saTan4FireDisp,
0x80016E40,func_80016E40,gpu_helper_80016E40,low,gpu,2,callee_cluster,8,calls 1 gpu_* fn(s): gpu_DrawSync,,gpu_DrawSync
0x8003AB44,func_8003AB44,gpu_helper_8003AB44,low,gpu,2,callee_cluster,93,calls 1 gpu_* fn(s): gpu_SetDispMask,replay_camera_wait_for_playback_8003ACB8,gpu_SetDispMask
0x8007C4B8,func_8007C4B8,gpu_helper_8007C4B8,low,gpu,1,strict_caller,164,called by gpu_* fn(s): gpu_DrawOTagEnv,gpu_DrawOTagEnv,
0x80042FA0,func_80042FA0,hirahira_helper_80042FA0,low,hirahira,2,callee_cluster,81,calls 1 hirahira_* fn(s): hirahira_w_ctrl_2,,hirahira_w_ctrl_2;single_game_getEnemyCharId
0x800218C8,func_800218C8,hirahira_helper_800218C8,low,hirahira,1,strict_caller,15,called by hirahira_* fn(s): hirahira_w_frie2,hirahira_w_frie2;mode_handler_00_GameInit,
0x80021A3C,func_80021A3C,hirahira_helper_80021A3C,low,hirahira,1,strict_caller,23,called by hirahira_* fn(s): hirahira_w_frie2,hirahira_w_frie2,
0x80072E10,func_80072E10,hud_helper_80072E10,low,hud,2,callee_cluster,72,calls 1 hud_* fn(s): hud_layout_emit_tiles_80073060,,hud_layout_emit_tiles_80073060
0x80072F30,func_80072F30,hud_helper_80072F30,low,hud,1,relaxed_caller,39,called by hud_* fn(s): hud_layout_emit_tiles_80073060,hud_layout_emit_tiles_80073060,
0x80072FCC,func_80072FCC,hud_helper_80072FCC,low,hud,1,relaxed_caller,37,called by hud_* fn(s): hud_layout_emit_tiles_80073060,hud_layout_emit_tiles_80073060,
0x8007C97C,func_8007C97C,initclearimage_helper_8007C97C,low,initclearimage,1,relaxed_caller,33,called by initclearimage_* fn(s): initClearImage_8007C118,initClearImage_8007C118;initTexPage_8007C248,
0x8007C7A0,func_8007C7A0,initdrawarea_helper_8007C7A0,low,initdrawarea,1,relaxed_caller,51,called by initdrawarea_* fn(s): initDrawArea_8007C154,initDrawArea_8007C154,
0x8007C86C,func_8007C86C,initdrawarea_helper_8007C86C,low,initdrawarea,1,relaxed_caller,51,called by initdrawarea_* fn(s): initDrawArea_8007C154,initDrawArea_8007C154,
0x8007C938,func_8007C938,initdrawoffset_helper_8007C938,low,initdrawoffset,1,relaxed_caller,17,called by initdrawoffset_* fn(s): initDrawOffset_8007C1D8,initDrawOffset_8007C1D8,
0x80044170,func_80044170,initfadepanel_helper_80044170,low,initfadepanel,2,callee_cluster,71,calls 1 initfadepanel_* fn(s): InitFadePanel,,InitFadePanel
0x80044650,func_80044650,initfadepanel_helper_80044650,low,initfadepanel,2,callee_cluster,8,calls 1 initfadepanel_* fn(s): InitFadePanel,,InitFadePanel
0x800493E4,func_800493E4,initfadepanel_helper_800493E4,low,initfadepanel,2,strict_caller,60,calls 1 initfadepanel_* fn(s): InitFadePanel,kgm_init_hitrect;md_menu_logo_exec;mode_handler_00_GameInit,InitFadePanel
0x800494D4,func_800494D4,initfadepanel_helper_800494D4,low,initfadepanel,2,strict_caller,30,calls 1 initfadepanel_* fn(s): InitFadePanel,kgm_init_hitrect;md_menu_logo_exec;mode_handler_00_GameInit,InitFadePanel
0x80049718,func_80049718,initfadepanel_helper_80049718,low,initfadepanel,2,strict_caller,197,calls 1 initfadepanel_* fn(s): InitFadePanel,cpu_calc_move_pattern_trajectory_80023F08;mode_handler_05_NoOp,InitFadePanel
0x80049A2C,func_80049A2C,initfadepanel_helper_80049A2C,low,initfadepanel,2,strict_caller,126,calls 1 initfadepanel_* fn(s): InitFadePanel,cpu_calc_move_pattern_trajectory_80023F08;mode_handler_05_NoOp,InitFadePanel;efc_effect_dispatch_child_recursive_800417D0
0x8007C748,func_8007C748,inittexpage_helper_8007C748,low,inittexpage,1,relaxed_caller,22,called by inittexpage_* fn(s): initTexPage_8007C248,initTexPage_8007C248,
0x80046B20,func_80046B20,irq_helper_80046B20,low,irq,2,callee_cluster,9,calls 1 irq_* fn(s): irq_event_slot_read,,irq_event_slot_read
0x8001F1C4,func_8001F1C4,katinuki_helper_8001F1C4,low,katinuki,2,strict_caller,72,calls 1 katinuki_* fn(s): katinuki_game_getMyWeaponId,mode_handler_05_NoOp,katinuki_game_getMyWeaponId;md_game_rob_anim_offset_8002F770
0x8001BE20,func_8001BE20,lwcard_helper_8001BE20,low,lwcard,2,strict_caller,393,calls 1 lwcard_* fn(s): LWCard_SetAccessData,mode_handler_01_GameFrameUpdate,LWCard_SetAccessData;calc_loc_mat_fw_80055B60
0x8001979C,func_8001979C,mario_helper_8001979C,low,mario,1,strict_caller,77,called by mario_* fn(s): mario_test_init_characters_80021210,mario_test_init_characters_80021210;mode_handler_29_StageLeafUpdate,
0x800206B0,func_800206B0,mario_helper_800206B0,low,mario,1,relaxed_caller,70,called by mario_* fn(s): mario_test_initialize_match_80022580,mario_test_initialize_match_80022580,
0x80021D10,func_80021D10,mario_helper_80021D10,low,mario,1,strict_caller,40,called by mario_* fn(s): mario_test_initialize_match_80022580,mario_test_initialize_match_80022580;mode_handler_29_StageLeafUpdate,
0x800224E0,func_800224E0,mario_helper_800224E0,low,mario,1,relaxed_caller,34,called by mario_* fn(s): mario_test_initialize_match_80022580,mario_test_initialize_match_80022580,
0x8003047C,func_8003047C,mario_helper_8003047C,low,mario,1,relaxed_caller,42,called by mario_* fn(s): mario_test_initialize_match_80022580,mario_test_initialize_match_80022580,
0x80017FA0,func_80017FA0,marionation_helper_80017FA0,low,marionation,1,strict_caller,61,called by marionation_* fn(s): marionation_camera_Exec,marionation_camera_Exec,
0x8007E43C,func_8007E43C,math_helper_8007E43C,low,math,2,relaxed_caller,37,"called by math_* fn(s): math_Distance3D_16_800177C8,math_Distance3D_80017748",math_Distance3D_16_800177C8;math_Distance3D_80017748,
0x800464C4,func_800464C4,md_game_helper_800464C4,low,md_game,2,callee_cluster,54,calls 1 md_game_* fn(s): md_game_check_mode,,md_game_check_mode;prim_buffer_open_slot_80044010;saSeMain_80045510
0x8004659C,func_8004659C,md_game_helper_8004659C,low,md_game,2,strict_caller,60,calls 1 md_game_* fn(s): md_game_check_mode,mode_handler_06_GameTeardownVariant;ui_stop_selection_800548DC,md_game_check_mode;prim_buffer_open_slot_80044010
0x80083A18,func_80083A18,md_game_helper_80083A18,low,md_game,2,callee_cluster,12,calls 1 md_game_* fn(s): md_game_check_change_main_mode_default,,md_game_check_change_main_mode_default
0x80083A48,func_80083A48,md_game_helper_80083A48,low,md_game,2,callee_cluster,58,calls 1 md_game_* fn(s): md_game_end,sys_Shutdown_80083A18,md_game_end
0x8007FBBC,func_8007FBBC,md_game_helper_8007FBBC,low,md_game,1,relaxed_caller,102,called by md_game_* fn(s): md_game_rob_anim_offset_8002F770,md_game_rob_anim_offset_8002F770,
0x80089EB0,func_80089EB0,md_game_helper_80089EB0,low,md_game,1,strict_caller,35,called by md_game_* fn(s): md_game_check_change_main_mode_katinuki,md_game_check_change_main_mode_katinuki;saEft03Start2,
0x80033498,func_80033498,mk_helper_80033498,low,mk,1,strict_caller,30,called by mk_* fn(s): mk_leaf_newpos,mk_leaf_newpos,
0x80054884,func_80054884,mode_helper_80054884,low,mode,3,strict_caller,22,"called by mode_* fn(s): mode_handler_06_GameTeardownVariant,mode_handler_18_UnlockAnimDispatch,mode_hand",mode_handler_06_GameTeardownVariant;mode_handler_18_UnlockAnimDispatch;mode_handler_28_PostBattleMisc,
0x8001E404,func_8001E404,mode_helper_8001E404,low,mode,2,strict_caller,184,calls 0 mode_* fn(s): ,cpu_get_move_pattern_table_number;mode_handler_01_GameFrameUpdate;mode_handler_17_GameContinueFrame,eff_FrameUpdate;gnd_init_80041688;replay_camera_rob_back_win_near;tslDmaDrawListDelAll
0x8002006C,func_8002006C,mode_helper_8002006C,low,mode,2,strict_caller,28,calls 0 mode_* fn(s): ,cpu_get_move_pattern_table_number;mode_handler_01_GameFrameUpdate;mode_handler_17_GameContinueFrame,single_game_CheckStatusUpDataTotalOver
0x80022408,func_80022408,mode_helper_80022408,low,mode,2,strict_caller,54,"called by mode_* fn(s): mode_handler_25_PostBattleSetup,mode_handler_28_PostBattleMisc",cpu_get_move_pattern_table_number;mode_handler_25_PostBattleSetup;mode_handler_28_PostBattleMisc,
0x80030D7C,func_80030D7C,mode_helper_80030D7C,low,mode,2,strict_caller,709,calls 0 mode_* fn(s): ,cpu_get_move_pattern_table_number;mode_handler_01_GameFrameUpdate;mode_handler_17_GameContinueFrame,motion_dispatch_event_handler_80032854;single_game_getEnemyCharId
0x80039320,func_80039320,mode_helper_80039320,low,mode,2,strict_caller,42,"called by mode_* fn(s): mode_handler_01_GameFrameUpdate,mode_handler_17_GameContinueFrame",cpu_get_move_pattern_table_number;mode_handler_01_GameFrameUpdate;mode_handler_17_GameContinueFrame,
0x8003B328,func_8003B328,mode_helper_8003B328,low,mode,2,strict_caller,31,calls 0 mode_* fn(s): ,mode_handler_05_NoOp;mode_handler_29_StageLeafUpdate,pad_button_info_clear;player_SetCharId
0x8003B534,func_8003B534,mode_helper_8003B534,low,mode,2,strict_caller,14,"called by mode_* fn(s): mode_handler_05_NoOp,mode_handler_29_StageLeafUpdate",mode_handler_05_NoOp;mode_handler_29_StageLeafUpdate,
0x80046BF4,func_80046BF4,mode_helper_80046BF4,low,mode,2,strict_caller,109,calls 0 mode_* fn(s): ,cpu_init_stage_and_camera_setup_8001E404;md_game_restart_init;mode_handler_25_PostBattleSetup;mode_handler_33_RebootBegin,stage_InitCollision
0x80054F68,func_80054F68,mode_helper_80054F68,low,mode,2,strict_caller,29,calls 0 mode_* fn(s): ,mode_handler_07_SubModeTransition;mode_handler_29_StageLeafUpdate,leaf_muki_awase_800444E0
0x8001BCF0,func_8001BCF0,mode_helper_8001BCF0,low,mode,1,strict_caller,70,called by mode_* fn(s): mode_handler_17_GameContinueFrame,mode_handler_17_GameContinueFrame,
0x8001E800,func_8001E800,mode_helper_8001E800,low,mode,1,strict_caller,30,called by mode_* fn(s): mode_handler_01_GameFrameUpdate,mode_handler_01_GameFrameUpdate,
0x80021280,func_80021280,mode_helper_80021280,low,mode,1,strict_caller,72,called by mode_* fn(s): mode_handler_00_GameInit,mode_handler_00_GameInit,
0x80021904,func_80021904,mode_helper_80021904,low,mode,1,strict_caller,28,called by mode_* fn(s): mode_handler_00_GameInit,mode_handler_00_GameInit,
0x80021974,func_80021974,mode_helper_80021974,low,mode,1,strict_caller,28,called by mode_* fn(s): mode_handler_00_GameInit,mode_handler_00_GameInit,
0x80033FE4,func_80033FE4,mode_helper_80033FE4,low,mode,1,strict_caller,47,called by mode_* fn(s): mode_handler_31_TimerLoop,mode_handler_31_TimerLoop,
0x8003553C,func_8003553C,mode_helper_8003553C,low,mode,1,strict_caller,43,called by mode_* fn(s): mode_handler_09_NoOp,mode_handler_09_NoOp;saRobDraw,
0x80035F78,func_80035F78,mode_helper_80035F78,low,mode,1,strict_caller,12,called by mode_* fn(s): mode_handler_09_NoOp,mode_handler_09_NoOp,
0x800392C8,func_800392C8,mode_helper_800392C8,low,mode,1,strict_caller,22,called by mode_* fn(s): mode_handler_00_GameInit,mode_handler_00_GameInit,
0x80060768,func_80060768,mode_helper_80060768,low,mode,1,strict_caller,192,called by mode_* fn(s): mode_handler_31_TimerLoop,mode_handler_31_TimerLoop,
0x800618B4,func_800618B4,mode_helper_800618B4,low,mode,1,strict_caller,60,called by mode_* fn(s): mode_handler_29_StageLeafUpdate,mode_handler_29_StageLeafUpdate;motion_dispatch_event_handler_80032854,
0x80068ECC,func_80068ECC,mode_helper_80068ECC,low,mode,1,strict_caller,41,called by mode_* fn(s): mode_handler_09_NoOp,mode_handler_09_NoOp,
0x80077894,func_80077894,mode_helper_80077894,low,mode,1,strict_caller,28,called by mode_* fn(s): mode_handler_09_NoOp,mode_handler_09_NoOp,
0x80077904,func_80077904,mode_helper_80077904,low,mode,1,strict_caller,15,called by mode_* fn(s): mode_handler_09_NoOp,mode_handler_09_NoOp,
0x80077940,func_80077940,mode_helper_80077940,low,mode,1,strict_caller,17,called by mode_* fn(s): mode_handler_09_NoOp,mode_handler_09_NoOp;replay_camera_rob_back_loose2,
0x80077984,func_80077984,mode_helper_80077984,low,mode,1,strict_caller,17,called by mode_* fn(s): mode_handler_09_NoOp,mode_handler_09_NoOp;replay_camera_rob_back_loose2,
0x800779C8,func_800779C8,mode_helper_800779C8,low,mode,1,strict_caller,15,called by mode_* fn(s): mode_handler_09_NoOp,mode_handler_09_NoOp,
0x8007855C,func_8007855C,mode_helper_8007855C,low,mode,1,strict_caller,51,called by mode_* fn(s): mode_handler_09_NoOp,mode_handler_09_NoOp,
0x80026DA4,func_80026DA4,motion_helper_80026DA4,low,motion,2,callee_cluster,342,calls 1 motion_* fn(s): motion_dispatch_event_handler_80032854,cpu_exec_main_game_loop_frame_8002C61C,motion_dispatch_event_handler_80032854
0x80032064,func_80032064,motion_helper_80032064,low,motion,2,callee_cluster,97,calls 1 motion_* fn(s): motion_dispatch_event_handler_80032854,cpu_calc_move_pattern_trajectory_80023F08,motion_dispatch_event_handler_80032854
0x80032C50,func_80032C50,motion_helper_80032C50,low,motion,2,callee_cluster,467,calls 1 motion_* fn(s): motion_dispatch_event_handler_80032854,cpu_check_same_dir_timer_8003339C,motion_dispatch_event_handler_80032854
0x8003A728,func_8003A728,motion_helper_8003A728,low,motion,2,strict_caller,200,calls 1 motion_* fn(s): motion_SavePreCalcData_8003A574,single_game_VoiceContorol,motion_SavePreCalcData_8003A574;pad_ClearAppliBuffer;set_event_flag_8003A3F0
0x80047530,func_80047530,motion_helper_80047530,low,motion,2,callee_cluster,8,calls 1 motion_* fn(s): motion_CheckSituation,,motion_CheckSituation
0x800652F4,func_800652F4,motion_helper_800652F4,low,motion,2,callee_cluster,20,calls 1 motion_* fn(s): motion_SetExMotion,,motion_SetExMotion
0x80065344,func_80065344,motion_helper_80065344,low,motion,2,callee_cluster,20,calls 1 motion_* fn(s): motion_SetExMotion,,motion_SetExMotion
0x80065394,func_80065394,motion_helper_80065394,low,motion,2,callee_cluster,20,calls 1 motion_* fn(s): motion_SetExMotion,,motion_SetExMotion
0x800653E4,func_800653E4,motion_helper_800653E4,low,motion,2,callee_cluster,20,calls 1 motion_* fn(s): motion_SetExMotion,,motion_SetExMotion
0x80065434,func_80065434,motion_helper_80065434,low,motion,2,callee_cluster,20,calls 1 motion_* fn(s): motion_SetExMotion,,motion_SetExMotion
0x80065484,func_80065484,motion_helper_80065484,low,motion,2,callee_cluster,47,calls 1 motion_* fn(s): motion_SetExMotion,,motion_SetExMotion
0x80065540,func_80065540,motion_helper_80065540,low,motion,2,callee_cluster,20,calls 1 motion_* fn(s): motion_SetExMotion,,motion_SetExMotion
0x80065590,func_80065590,motion_helper_80065590,low,motion,2,callee_cluster,20,calls 1 motion_* fn(s): motion_SetExMotion,,motion_SetExMotion
0x800655E0,func_800655E0,motion_helper_800655E0,low,motion,2,callee_cluster,20,calls 1 motion_* fn(s): motion_SetExMotion,,motion_SetExMotion
0x80065630,func_80065630,motion_helper_80065630,low,motion,2,callee_cluster,20,calls 1 motion_* fn(s): motion_SetExMotion,,motion_SetExMotion
0x80065680,func_80065680,motion_helper_80065680,low,motion,2,callee_cluster,27,calls 1 motion_* fn(s): motion_SetExMotion,,motion_SetExMotion
0x800656EC,func_800656EC,motion_helper_800656EC,low,motion,2,callee_cluster,29,calls 1 motion_* fn(s): motion_SetExMotion,,motion_SetExMotion
0x80065760,func_80065760,motion_helper_80065760,low,motion,2,callee_cluster,20,calls 1 motion_* fn(s): motion_SetExMotion,,motion_SetExMotion
0x800657B0,func_800657B0,motion_helper_800657B0,low,motion,2,callee_cluster,20,calls 1 motion_* fn(s): motion_SetExMotion,,motion_SetExMotion
0x80073C78,func_80073C78,motion_helper_80073C78,low,motion,2,callee_cluster,362,calls 1 motion_* fn(s): motion_matrix_multiply_light_8007E8AC,,motion_matrix_multiply_light_8007E8AC;motutil_GetWalkDir
0x8007D6D8,func_8007D6D8,motion_helper_8007D6D8,low,motion,2,callee_cluster,187,calls 1 motion_* fn(s): motion_make_table,,motion_make_table
0x8007D9C4,func_8007D9C4,motion_helper_8007D9C4,low,motion,2,callee_cluster,87,calls 1 motion_* fn(s): motion_make_table,gpu_SetMode_8007AE7C,motion_make_table
0x800395B4,func_800395B4,motion_helper_800395B4,low,motion,1,relaxed_caller,51,called by motion_* fn(s): motion_dispatch_event_handler_80032854,motion_dispatch_event_handler_80032854,
0x800611A4,func_800611A4,motion_helper_800611A4,low,motion,1,relaxed_caller,43,called by motion_* fn(s): motion_dispatch_event_handler_80032854,motion_dispatch_event_handler_80032854,
0x80061250,func_80061250,motion_helper_80061250,low,motion,1,relaxed_caller,59,called by motion_* fn(s): motion_dispatch_event_handler_80032854,motion_dispatch_event_handler_80032854,
0x8006133C,func_8006133C,motion_helper_8006133C,low,motion,1,relaxed_caller,35,called by motion_* fn(s): motion_dispatch_event_handler_80032854,motion_dispatch_event_handler_80032854,
0x800613C8,func_800613C8,motion_helper_800613C8,low,motion,1,relaxed_caller,35,called by motion_* fn(s): motion_dispatch_event_handler_80032854,motion_dispatch_event_handler_80032854,
0x80061454,func_80061454,motion_helper_80061454,low,motion,1,relaxed_caller,35,called by motion_* fn(s): motion_dispatch_event_handler_80032854,motion_dispatch_event_handler_80032854,
0x800614E0,func_800614E0,motion_helper_800614E0,low,motion,1,relaxed_caller,35,called by motion_* fn(s): motion_dispatch_event_handler_80032854,motion_dispatch_event_handler_80032854,
0x8006156C,func_8006156C,motion_helper_8006156C,low,motion,1,relaxed_caller,59,called by motion_* fn(s): motion_dispatch_event_handler_80032854,motion_dispatch_event_handler_80032854,
0x80061658,func_80061658,motion_helper_80061658,low,motion,1,relaxed_caller,46,called by motion_* fn(s): motion_dispatch_event_handler_80032854,motion_dispatch_event_handler_80032854,
0x80061710,func_80061710,motion_helper_80061710,low,motion,1,relaxed_caller,46,called by motion_* fn(s): motion_dispatch_event_handler_80032854,motion_dispatch_event_handler_80032854,
0x800617C8,func_800617C8,motion_helper_800617C8,low,motion,1,relaxed_caller,59,called by motion_* fn(s): motion_dispatch_event_handler_80032854,motion_dispatch_event_handler_80032854,
0x800619A4,func_800619A4,motion_helper_800619A4,low,motion,1,relaxed_caller,19,called by motion_* fn(s): motion_dispatch_event_handler_80032854,motion_dispatch_event_handler_80032854,
0x800619F0,func_800619F0,motion_helper_800619F0,low,motion,1,relaxed_caller,19,called by motion_* fn(s): motion_dispatch_event_handler_80032854,motion_dispatch_event_handler_80032854,
0x80061ACC,func_80061ACC,motion_helper_80061ACC,low,motion,1,relaxed_caller,77,called by motion_* fn(s): motion_dispatch_event_handler_80032854,motion_dispatch_event_handler_80032854,
0x80061EC0,func_80061EC0,motion_helper_80061EC0,low,motion,1,relaxed_caller,59,called by motion_* fn(s): motion_dispatch_event_handler_80032854,motion_dispatch_event_handler_80032854,
0x800371F8,func_800371F8,mottest_helper_800371F8,low,mottest,2,callee_cluster,15,calls 1 mottest_* fn(s): mottest_rob_init,,mottest_rob_init
0x80033DF4,func_80033DF4,motutil_helper_80033DF4,low,motutil,2,strict_caller,124,calls 1 motutil_* fn(s): motutil_CheckKamaeReq,DispSamnailWindow,motutil_CheckKamaeReq
0x80061C00,func_80061C00,motutil_helper_80061C00,low,motutil,2,callee_cluster,93,calls 1 motutil_* fn(s): motutil_GetWalkDir,motion_dispatch_event_handler_80032854,motutil_GetWalkDir
0x80061D74,func_80061D74,motutil_helper_80061D74,low,motutil,2,callee_cluster,83,calls 1 motutil_* fn(s): motutil_GetWalkDir,motion_dispatch_event_handler_80032854,motutil_GetWalkDir
0x80061FAC,func_80061FAC,motutil_helper_80061FAC,low,motutil,2,callee_cluster,29,calls 1 motutil_* fn(s): motutil_GetWalkDir,DispHira_helper_800620B8,motutil_GetWalkDir
0x800644FC,func_800644FC,motutil_helper_800644FC,low,motutil,2,callee_cluster,45,calls 1 motutil_* fn(s): motutil_GetWalkDir,,motutil_GetWalkDir
0x80087DA0,func_80087DA0,motutil_helper_80087DA0,low,motutil,2,callee_cluster,39,calls 1 motutil_* fn(s): motutil_GetAngTableNum,,motutil_GetAngTableNum
0x80027A58,func_80027A58,myrobgeneidraw_helper_80027A58,low,myrobgeneidraw,2,strict_caller,32,calls 1 myrobgeneidraw_* fn(s): myRobGeneiDraw,calc_teasi_loc_fw;motion_GameCalcMotion;saTan3MainJump,myRobGeneiDraw
0x80089F3C,func_80089F3C,obj_helper_80089F3C,low,obj,2,callee_cluster,318,calls 0 obj_* fn(s): ,obj_SetControlData_80085E4C;obj_SetReverbValue_80085EE4,action_check_defense2;md_game_check_change_main_mode_katinuki
0x80086130,func_80086130,obj_helper_80086130,low,obj,1,strict_caller,35,called by obj_* fn(s): obj_InitChars,obj_InitChars,
0x8003791C,func_8003791C,pad_helper_8003791C,low,pad,2,callee_cluster,18,calls 0 pad_* fn(s): ,pad_file_read_init_80037B90;pad_file_write_wrapper_80037C34,bios_TestEvent
0x80037F40,func_80037F40,pad_helper_80037F40,low,pad,1,strict_caller,51,called by pad_* fn(s): pad_FuncAnalog,pad_FuncAnalog,
0x800400F8,func_800400F8,player_helper_800400F8,low,player,1,relaxed_caller,29,called by player_* fn(s): player_sprite_free_8004016C,player_sprite_free_8004016C,
0x80040CB8,func_80040CB8,player_helper_80040CB8,low,player,1,strict_caller,36,called by player_* fn(s): player_rob_Init,player_rob_Init,
0x800456F0,func_800456F0,player_helper_800456F0,low,player,1,relaxed_caller,23,called by player_* fn(s): player_allocate_sprite_80045A50,player_allocate_sprite_80045A50,
0x80044C70,func_80044C70,prim_helper_80044C70,low,prim,2,callee_cluster,23,calls 1 prim_* fn(s): prim_buffer_relocate_slot_80044100,,prim_buffer_relocate_slot_80044100
0x80045AA4,func_80045AA4,prim_helper_80045AA4,low,prim,2,callee_cluster,49,calls 1 prim_* fn(s): prim_buffer_relocate_slot_80044100,,prim_buffer_relocate_slot_80044100;saFidLoad
0x80046048,func_80046048,prim_helper_80046048,low,prim,2,callee_cluster,39,calls 1 prim_* fn(s): prim_buffer_relocate_slot_80044100,,prim_buffer_relocate_slot_80044100;saFidLoad
0x800466C0,func_800466C0,prim_helper_800466C0,low,prim,2,callee_cluster,48,calls 1 prim_* fn(s): prim_buffer_relocate_slot_80044100,,prim_buffer_relocate_slot_80044100
0x800468DC,func_800468DC,prim_helper_800468DC,low,prim,2,callee_cluster,14,calls 1 prim_* fn(s): prim_buffer_relocate_slot_80044100,,prim_buffer_relocate_slot_80044100;saTan5GetTakeCutAnimType
0x8003E6A0,func_8003E6A0,replay_camera_helper_8003E6A0,low,replay_camera,2,strict_caller,14,calls 1 replay_camera_* fn(s): replay_camera_get_attack_number,mode_handler_01_GameFrameUpdate,replay_camera_get_attack_number
0x80047384,func_80047384,replay_camera_helper_80047384,low,replay_camera,2,callee_cluster,58,calls 1 replay_camera_* fn(s): replay_camera_rob_back_loose3,,replay_camera_rob_back_loose3;single_game_getEnemyCharId
0x80019488,func_80019488,replay_camera_helper_80019488,low,replay_camera,1,relaxed_caller,14,called by replay_camera_* fn(s): replay_camera_wait_for_playback_8003ACB8,replay_camera_wait_for_playback_8003ACB8,
0x800194C0,func_800194C0,replay_camera_helper_800194C0,low,replay_camera,1,relaxed_caller,13,called by replay_camera_* fn(s): replay_camera_wait_for_playback_8003ACB8,replay_camera_wait_for_playback_8003ACB8,
0x800194F4,func_800194F4,replay_camera_helper_800194F4,low,replay_camera,1,relaxed_caller,16,called by replay_camera_* fn(s): replay_camera_wait_for_playback_8003ACB8,replay_camera_wait_for_playback_8003ACB8,
0x80035E88,func_80035E88,replay_camera_helper_80035E88,low,replay_camera,1,relaxed_caller,21,called by replay_camera_* fn(s): replay_camera_wait_for_playback_8003ACB8,replay_camera_wait_for_playback_8003ACB8,
0x80035EDC,func_80035EDC,replay_camera_helper_80035EDC,low,replay_camera,1,relaxed_caller,21,called by replay_camera_* fn(s): replay_camera_wait_for_playback_8003ACB8,replay_camera_wait_for_playback_8003ACB8,
0x8003F274,stage_InitCollision,replay_camera_helper_8003F274,low,replay_camera,1,strict_caller,69,called by replay_camera_* fn(s): replay_camera_rob_back_win_near,replay_camera_rob_back_win_near,
0x800418D0,func_800418D0,replay_camera_helper_800418D0,low,replay_camera,1,strict_caller,46,called by replay_camera_* fn(s): replay_camera_rob_back_win_near,replay_camera_rob_back_win_near,
0x800420D0,func_800420D0,replay_camera_helper_800420D0,low,replay_camera,1,strict_caller,6,called by replay_camera_* fn(s): replay_camera_rob_back_win_near,replay_camera_rob_back_win_near,
0x8006D7FC,func_8006D7FC,replay_camera_helper_8006D7FC,low,replay_camera,1,relaxed_caller,3,called by replay_camera_* fn(s): replay_camera_init_framebuffer_80077A28,replay_camera_init_framebuffer_80077A28,
0x80077AE0,func_80077AE0,replay_camera_helper_80077AE0,low,replay_camera,1,relaxed_caller,8,called by replay_camera_* fn(s): replay_camera_wait_for_playback_8003ACB8,replay_camera_wait_for_playback_8003ACB8,
0x80077B00,func_80077B00,replay_camera_helper_80077B00,low,replay_camera,1,relaxed_caller,8,called by replay_camera_* fn(s): replay_camera_wait_for_playback_8003ACB8,replay_camera_wait_for_playback_8003ACB8,
0x800884C4,func_800884C4,returnvsmode_helper_800884C4,low,returnvsmode,2,callee_cluster,48,calls 1 returnvsmode_* fn(s): ReturnVSMode,,ReturnVSMode;spu_TransferData_capped
0x800826CC,func_800826CC,saeft00add_helper_800826CC,low,saeft00add,2,callee_cluster,65,calls 1 saeft00add_* fn(s): saEft00Add,special_camera_load_cdrom_wait_800372F4,saEft00Add;sys_VSync;tslPolyF4Init;tslTmlGetHeda
0x80047550,func_80047550,saeft03start_helper_80047550,low,saeft03start,2,callee_cluster,8,calls 1 saeft03start_* fn(s): saEft03Start,,saEft03Start
0x80085FB8,func_80085FB8,saeft03start2_helper_80085FB8,low,saeft03start2,2,callee_cluster,94,calls 1 saeft03start2_* fn(s): saEft03Start2,mario_getMarioVoiceData_8005BE84,saEft03Start2
0x8005D814,func_8005D814,samotionset_helper_8005D814,low,samotionset,2,strict_caller,545,calls 1 samotionset_* fn(s): saMotionSet,camera_set_target_zoom;cpu_get_move_pattern_table_number,saMotionSet;satan_sprite_batch_render_8007352C
0x8005E54C,func_8005E54C,samotionset_helper_8005E54C,low,samotionset,2,strict_caller,799,calls 1 samotionset_* fn(s): saMotionSet,gnd_disp_loop_ctrl;mode_handler_21_FrameTimerSfx,saMotionSet;satan_sprite_batch_render_8007352C
0x8005FC9C,func_8005FC9C,samotionset_helper_8005FC9C,low,samotionset,2,callee_cluster,267,calls 1 samotionset_* fn(s): saMotionSet,,saMotionSet;satan_sprite_batch_render_8007352C
0x800600C8,func_800600C8,samotionset_helper_800600C8,low,samotionset,2,strict_caller,121,calls 1 samotionset_* fn(s): saMotionSet,mode_handler_33_RebootBegin,saMotionSet;satan_sprite_batch_render_8007352C
0x80060544,func_80060544,samotionset_helper_80060544,low,samotionset,2,strict_caller,133,calls 1 samotionset_* fn(s): saMotionSet,mode_handler_23_FrameDelay3,saMotionSet;satan_sprite_batch_render_8007352C
0x80069AE4,func_80069AE4,samotionset_helper_80069AE4,low,samotionset,2,callee_cluster,205,calls 1 samotionset_* fn(s): saMotionSet,,saMotionSet;satan_sprite_batch_render_8007352C
0x80069E18,func_80069E18,samotionset_helper_80069E18,low,samotionset,2,callee_cluster,90,calls 1 samotionset_* fn(s): saMotionSet,,saMotionSet;satan_sprite_batch_render_8007352C
0x80069F80,func_80069F80,samotionset_helper_80069F80,low,samotionset,2,callee_cluster,136,calls 1 samotionset_* fn(s): saMotionSet,,saMotionSet;satan_sprite_batch_render_8007352C
0x8006A1A0,func_8006A1A0,samotionset_helper_8006A1A0,low,samotionset,2,callee_cluster,139,calls 1 samotionset_* fn(s): saMotionSet,,saMotionSet;satan_sprite_batch_render_8007352C
0x8006A3CC,func_8006A3CC,samotionset_helper_8006A3CC,low,samotionset,2,callee_cluster,50,calls 1 samotionset_* fn(s): saMotionSet,,saMotionSet;satan_sprite_batch_render_8007352C
0x8006A494,func_8006A494,samotionset_helper_8006A494,low,samotionset,2,callee_cluster,52,calls 1 samotionset_* fn(s): saMotionSet,,saMotionSet
0x8006B120,func_8006B120,samotionset_helper_8006B120,low,samotionset,2,callee_cluster,278,calls 1 samotionset_* fn(s): saMotionSet,,saMotionSet;satan_sprite_batch_render_8007352C
0x8006BB68,func_8006BB68,samotionset_helper_8006BB68,low,samotionset,2,callee_cluster,112,calls 1 samotionset_* fn(s): saMotionSet,,saMotionSet;satan_sprite_batch_render_8007352C
0x8006BD28,func_8006BD28,samotionset_helper_8006BD28,low,samotionset,2,callee_cluster,103,calls 1 samotionset_* fn(s): saMotionSet,motion_draw_tilemap_8006BEC4,saMotionSet;satan_sprite_batch_render_8007352C
0x8006CFBC,func_8006CFBC,samotionset_helper_8006CFBC,low,samotionset,2,callee_cluster,218,calls 1 samotionset_* fn(s): saMotionSet,,saMotionSet;satan_sprite_batch_render_8007352C
0x8006D3DC,func_8006D3DC,samotionset_helper_8006D3DC,low,samotionset,2,callee_cluster,126,calls 1 samotionset_* fn(s): saMotionSet,,saMotionSet;satan_sprite_batch_render_8007352C
0x8006D808,func_8006D808,samotionset_helper_8006D808,low,samotionset,2,callee_cluster,355,calls 1 samotionset_* fn(s): saMotionSet,hud_emit_warning_tiles_80060768,saMotionSet;satan_sprite_batch_render_8007352C
0x8006DD94,func_8006DD94,samotionset_helper_8006DD94,low,samotionset,2,callee_cluster,117,calls 1 samotionset_* fn(s): saMotionSet,,saMotionSet;satan_sprite_batch_render_8007352C
0x80074220,func_80074220,samotionset_helper_80074220,low,samotionset,2,callee_cluster,154,calls 1 samotionset_* fn(s): saMotionSet,,saMotionSet;satan_sprite_batch_render_8007352C
0x80074488,func_80074488,samotionset_helper_80074488,low,samotionset,2,callee_cluster,212,calls 1 samotionset_* fn(s): saMotionSet,,saMotionSet;satan_sprite_batch_render_8007352C
0x80074D2C,func_80074D2C,samotionset_helper_80074D2C,low,samotionset,2,callee_cluster,55,calls 1 samotionset_* fn(s): saMotionSet,,saMotionSet;satan_sprite_batch_render_8007352C
0x80074E08,func_80074E08,samotionset_helper_80074E08,low,samotionset,2,callee_cluster,281,calls 1 samotionset_* fn(s): saMotionSet,,saMotionSet;satan_sprite_batch_render_8007352C
0x800759D0,func_800759D0,samotionset_helper_800759D0,low,samotionset,2,callee_cluster,364,calls 1 samotionset_* fn(s): saMotionSet,,saMotionSet;satan_sprite_batch_render_8007352C
0x8007636C,func_8007636C,samotionset_helper_8007636C,low,samotionset,2,callee_cluster,348,calls 1 samotionset_* fn(s): saMotionSet,,saMotionSet;satan_sprite_batch_render_8007352C
0x80078654,func_80078654,samotionset_helper_80078654,low,samotionset,2,callee_cluster,116,calls 1 samotionset_* fn(s): saMotionSet,,saMotionSet;satan_sprite_batch_render_8007352C
0x800468B0,func_800468B0,sasemain_helper_800468B0,low,sasemain,2,callee_cluster,11,calls 1 sasemain_* fn(s): saSeMain_80045510,,saSeMain_80045510;saTan5TakeGetPos_80045230
0x800469A0,func_800469A0,sasemain_helper_800469A0,low,sasemain,2,callee_cluster,9,calls 1 sasemain_* fn(s): saSeMain_80045510,,saSeMain_80045510
0x80034F88,func_80034F88,satan_helper_80034F88,low,satan,2,strict_caller,49,calls 1 satan_* fn(s): saTan2GaugeInit_80077D00,mode_handler_09_NoOp,saTan2GaugeInit_80077D00
0x80046DA8,func_80046DA8,satan_helper_80046DA8,low,satan,2,callee_cluster,15,calls 1 satan_* fn(s): saTanMainDispGnd_800444BC,,saTanMainDispGnd_800444BC
0x80047BE0,func_80047BE0,satan_helper_80047BE0,low,satan,2,callee_cluster,109,calls 1 satan_* fn(s): saTan2LineDraw,calc_loc_mat_fw_8004A940,saTan2LineDraw
0x80069A30,func_80069A30,satan_helper_80069A30,low,satan,2,callee_cluster,23,calls 1 satan_* fn(s): saTan2GaugeInit_80077D00,,saTan2GaugeInit_80077D00
0x80069A8C,func_80069A8C,satan_helper_80069A8C,low,satan,2,callee_cluster,22,calls 1 satan_* fn(s): saTan2GaugeInit_80077D00,,saTan2GaugeInit_80077D00
0x8006D338,func_8006D338,satan_helper_8006D338,low,satan,2,callee_cluster,41,calls 1 satan_* fn(s): saTan4GaugeMain,,saTan4GaugeMain
0x8006F100,func_8006F100,satan_helper_8006F100,low,satan,2,callee_cluster,266,calls 1 satan_* fn(s): saTan3GaugeMain_80073200,,saTan3GaugeMain_80073200
0x80075830,func_80075830,satan_helper_80075830,low,satan,2,callee_cluster,104,calls 1 satan_* fn(s): satan_sprite_batch_render_8007352C,,satan_sprite_batch_render_8007352C
0x80077374,func_80077374,satan_helper_80077374,low,satan,2,callee_cluster,236,calls 1 satan_* fn(s): saTan1GaugeMain,setup_double_buffer_swap_80077724,saTan1GaugeMain
0x80084948,func_80084948,satan_helper_80084948,low,satan,2,callee_cluster,11,calls 1 satan_* fn(s): saTan4GaugeInit,,saTan4GaugeInit
0x80089024,func_80089024,satan_helper_80089024,low,satan,2,strict_caller,26,calls 1 satan_* fn(s): saTan0GaugeDraw,spu_TransferDirect_capped,saTan0GaugeDraw
0x8004C388,func_8004C388,satan_helper_8004C388,low,satan,1,relaxed_caller,30,called by satan_* fn(s): satan_line_draw_recursive_8004C1F4,satan_line_draw_recursive_8004C1F4,
0x8006C168,func_8006C168,satan_helper_8006C168,low,satan,1,relaxed_caller,37,called by satan_* fn(s): saTan2InfoInit_8006C1FC,saTan2InfoInit_8006C1FC,
0x8006D74C,func_8006D74C,satan_helper_8006D74C,low,satan,1,relaxed_caller,44,called by satan_* fn(s): saTanMainDispGnd_80077A04,saTanMainDispGnd_80077A04,
0x8006E068,func_8006E068,satan_helper_8006E068,low,satan,1,relaxed_caller,41,called by satan_* fn(s): saTan2InfoInit_80077A60,saTan2InfoInit_80077A60,
0x80077724,func_80077724,satan_helper_80077724,low,satan,1,relaxed_caller,63,called by satan_* fn(s): saTan2InfoInit_80077AC0,saTan2InfoInit_80077AC0,
0x80077820,func_80077820,scene_helper_80077820,low,scene,2,relaxed_caller,16,"called by scene_* fn(s): scene_teardown_80035DC8,scene_teardown_variant_80035480",scene_teardown_80035DC8;scene_teardown_variant_80035480,
0x80062020,func_80062020,se_helper_80062020,low,se,1,relaxed_caller,38,called by se_* fn(s): se_CalcPitchShift_8005BA8C,se_CalcPitchShift_8005BA8C,
0x80020D70,func_80020D70,seq_helper_80020D70,low,seq,2,callee_cluster,27,calls 1 seq_* fn(s): seq_ConditionalReset,sys_GameInit_80016D78,seq_ConditionalReset
0x8003A39C,func_8003A39C,set_helper_8003A39C,low,set,1,relaxed_caller,21,called by set_* fn(s): set_event_flag_8003A3F0,set_event_flag_8003A3F0;single_game_HashAndStoreData_8003A728,
0x8001CD68,func_8001CD68,setcurrentcursor_helper_8001CD68,low,setcurrentcursor,1,strict_caller,62,called by setcurrentcursor_* fn(s): SetCurrentCursor,SetCurrentCursor;camera_set_target_zoom;cpu_get_move_pattern_table_number,
0x80077098,func_80077098,setup_helper_80077098,low,setup,1,relaxed_caller,8,called by setup_* fn(s): setup_double_buffer_swap_80077724,setup_double_buffer_swap_80077724,
0x8001924C,func_8001924C,single_game_helper_8001924C,low,single_game,2,callee_cluster,49,calls 1 single_game_* fn(s): single_game_setModeRequest,ang_hosei_8003F62C,single_game_setModeRequest
0x80022F34,func_80022F34,single_game_helper_80022F34,low,single_game,2,strict_caller,70,calls 1 single_game_* fn(s): single_game_SetStatusUpData,mode_handler_00_GameInit,single_game_SetStatusUpData
0x8003032C,func_8003032C,single_game_helper_8003032C,low,single_game,2,callee_cluster,68,calls 1 single_game_* fn(s): single_game_getEnemyCharId,,single_game_getEnemyCharId
0x80035438,func_80035438,single_game_helper_80035438,low,single_game,2,strict_caller,18,calls 1 single_game_* fn(s): single_game_SetWazaData,mode_handler_09_NoOp;scene_teardown_variant_80035480,single_game_SetWazaData
0x800475A4,func_800475A4,single_game_helper_800475A4,low,single_game,2,callee_cluster,101,calls 1 single_game_* fn(s): single_game_getEnemyCharId,,single_game_getEnemyCharId
0x80057094,func_80057094,single_game_helper_80057094,low,single_game,2,callee_cluster,75,calls 1 single_game_* fn(s): single_game_getEnemyCharId,,single_game_getEnemyCharId
0x80057CC8,func_80057CC8,single_game_helper_80057CC8,low,single_game,2,callee_cluster,111,calls 1 single_game_* fn(s): single_game_getEnemyCharId,,single_game_getEnemyCharId
0x8003A6FC,func_8003A6FC,single_game_helper_8003A6FC,low,single_game,1,relaxed_caller,11,called by single_game_* fn(s): single_game_HashAndStoreData_8003A728,single_game_HashAndStoreData_8003A728,
0x800455AC,func_800455AC,snd_helper_800455AC,low,snd,2,strict_caller,21,"called by snd_* fn(s): snd_LoadBgm_800467B8,snd_LoadSelection_800469C4",channel_helper_9_80046934;efc_rob_set_type_particle;snd_LoadBgm_800467B8;snd_LoadSelection_800469C4,
0x8004574C,func_8004574C,snd_helper_8004574C,low,snd,1,relaxed_caller,21,called by snd_* fn(s): snd_LoadBgm_800467B8,snd_LoadBgm_800467B8,
0x8004668C,func_8004668C,snd_helper_8004668C,low,snd,1,relaxed_caller,13,called by snd_* fn(s): snd_StopAll_80046AA0,snd_StopAll_80046AA0,
0x80049E1C,func_80049E1C,snd_helper_80049E1C,low,snd,1,relaxed_caller,12,called by snd_* fn(s): snd_StopAll_80046AA0,snd_StopAll_80046AA0,
0x80054FDC,func_80054FDC,snd_helper_80054FDC,low,snd,1,relaxed_caller,40,called by snd_* fn(s): snd_SelectionCallback_80046A80,snd_SelectionCallback_80046A80,
0x800355E8,func_800355E8,special_helper_800355E8,low,special,2,strict_caller,12,calls 1 special_* fn(s): special_cam_lookup_table_entry_80037110,mode_handler_09_NoOp;replay_camera_rob_back_loose2,special_cam_lookup_table_entry_80037110
0x80036034,func_80036034,special_camera_helper_80036034,low,special_camera,2,callee_cluster,12,calls 1 special_camera_* fn(s): special_camera_clear_cdrom_irq_80080148,,special_camera_clear_cdrom_irq_80080148;sys_VSync
0x80037348,special_camera_get_rot_dir,special_camera_helper_80037348,low,special_camera,2,callee_cluster,72,calls 1 special_camera_* fn(s): special_camera_load_cdrom_wait_800372F4,bios_exec_wrapper_with_setup_80037468,_DispCharacterName;special_camera_load_cdrom_wait_800372F4
0x80080258,func_80080258,special_camera_helper_80080258,low,special_camera,2,strict_caller,78,calls 0 special_camera_* fn(s): ,saEft00Add;special_camera_Exec;special_camera_get_rot_dir_80037348,tslTm2LoadImage
0x80080600,func_80080600,special_camera_helper_80080600,low,special_camera,1,strict_caller,8,called by special_camera_* fn(s): special_camera_set_win_cam,special_camera_set_win_cam,
0x80085270,func_80085270,spu_helper_80085270,low,spu,3,strict_caller,118,calls 1 spu_* fn(s): spu_channel_reset_80085270,DispStuff;spu_channel_reset_80085270,spu_channel_reset_80085270
0x800885CC,func_800885CC,spu_helper_800885CC,low,spu,3,callee_cluster,62,calls 1 spu_* fn(s): spu_FlushVoiceChannels,spu_Init_800885AC,spu_FlushVoiceChannels
0x8008AF9C,func_8008AF9C,spu_helper_8008AF9C,low,spu,1,relaxed_caller,281,called by spu_* fn(s): spu_SetVolume_80083B50,spu_SetVolume_80083B50,
0x8003B56C,func_8003B56C,sudispmentalbar_helper_8003B56C,low,sudispmentalbar,1,strict_caller,14,called by sudispmentalbar_* fn(s): suDispMentalBar,suDispMentalBar,
0x8006E390,func_8006E390,sync_helper_8006E390,low,sync,2,callee_cluster,44,calls 1 sync_* fn(s): sync_flag_check_advance_80069120,,sync_flag_check_advance_80069120
0x800372F4,func_800372F4,sys_helper_800372F4,low,sys,2,callee_cluster,21,calls 1 sys_* fn(s): sys_VSync,special_camera_get_rot_dir_80037348,sys_VSync
0x8003AA78,func_8003AA78,sys_helper_8003AA78,low,sys,2,strict_caller,14,calls 1 sys_* fn(s): sys_VSync,camera_SetMatrix_8001DBE4;game_FrameLoop,sys_VSync
0x80019534,func_80019534,sys_helper_80019534,low,sys,1,relaxed_caller,13,called by sys_* fn(s): sys_GameInit_80016D78,sys_GameInit_80016D78,
0x8001C444,func_8001C444,sys_helper_8001C444,low,sys,1,relaxed_caller,31,called by sys_* fn(s): sys_GameInit_80016D78,sys_GameInit_80016D78,
0x80035FE0,func_80035FE0,sys_helper_80035FE0,low,sys,1,relaxed_caller,21,called by sys_* fn(s): sys_Init_80016A18,sys_Init_80016A18,
0x8005C614,func_8005C614,title_helper_8005C614,low,title,2,callee_cluster,15,calls 1 title_* fn(s): title_mv_exec2,file_LoadSoundData_80016CF8,title_mv_exec2
0x8005C074,func_8005C074,tslglobalmemfree_helper_8005C074,low,tslglobalmemfree,1,relaxed_caller,141,called by tslglobalmemfree_* fn(s): tslGlobalMemFree_8005C2A8,tslGlobalMemFree_8005C2A8,
0x800859F0,func_800859F0,tslglobalmemfree_helper_800859F0,low,tslglobalmemfree,1,relaxed_caller,20,called by tslglobalmemfree_* fn(s): tslGlobalMemFree_8005C2A8,tslGlobalMemFree_8005C2A8,
0x80088584,func_80088584,tslglobalmemfree_helper_80088584,low,tslglobalmemfree,1,relaxed_caller,10,called by tslglobalmemfree_* fn(s): tslGlobalMemFree_8005C2A8,tslGlobalMemFree_8005C2A8,
0x8003DDF8,func_8003DDF8,tsllineg5init_helper_8003DDF8,low,tsllineg5init,1,relaxed_caller,7,called by tsllineg5init_* fn(s): tslLineG5Init_helper_8003DBE4,tslLineG5Init_helper_8003DBE4,
0x80017D84,func_80017D84,tslprintscreen_helper_80017D84,low,tslprintscreen,1,relaxed_caller,66,called by tslprintscreen_* fn(s): tslPrintScreen_helper_8003FA24,tslPrintScreen_helper_8003FA24,
0x8003FE40,func_8003FE40,tslprintscreen_helper_8003FE40,low,tslprintscreen,1,relaxed_caller,35,called by tslprintscreen_* fn(s): tslPrintScreen_helper_8003FA24,tslPrintScreen_helper_8003FA24,
0x80080390,func_80080390,tsltm2loadimage_helper_80080390,low,tsltm2loadimage,3,strict_caller,75,calls 1 tsltm2loadimage_* fn(s): tslTm2LoadImage,cdrom_stream_callback_80036064;game_FrameInit;saEft00Add;special_camera_Exec;special_camera_set_win_cam;tslTm2LoadImage_2,tslTm2LoadImage
