address,current_name,proposed_name,confidence,evidence_summary,evidence_detail_file
0x800164AC,func_800164AC,data_as_code_lb_table_800164AC,high,data_as_code=data_as_code_lb_table_800164AC,docs/naming/evidence/func_800164AC.md
0x800164F8,func_800164F8,syscall_wrapper_break_800164F8,high,syscall_wrapper=syscall_wrapper_break_800164F8,docs/naming/evidence/func_800164F8.md
0x80016514,func_80016514,,none,,
0x800165F8,func_800165F8,,none,,
0x800166C4,func_800166C4,,none,,
0x80016768,func_80016768,psyq_memset_80016768,high,psyq_idiom=psyq_memset_80016768,docs/naming/evidence/func_80016768.md
0x800167AC,func_800167AC,,none,,
0x800167BC,func_800167BC,,none,,
0x800167D4,func_800167D4,,none,,
0x80016888,func_80016888,,none,,
0x800168F0,func_800168F0,,none,,
0x800168F8,func_800168F8,,none,,
0x80016918,func_80016918,,none,,
0x80016A18,func_80016A18,,none,,
0x80016A8C,func_80016A8C,cpu_set_move_command_and_dir_for_no_action_2_helper_80016A8C,medium,sole_caller_path=cpu_set_move_command_and_dir_for_no_action_2_helper_80016A8C,docs/naming/evidence/func_80016A8C.md
0x80016C3C,func_80016C3C,overflow_func_80016C3C,low,string_adjacent=overflow_func_80016C3C,docs/naming/evidence/func_80016C3C.md
0x80016C74,func_80016C74,,none,,
0x80016C80,func_80016C80,eff_init_func_80016C80,low,string_adjacent=eff_init_func_80016C80,docs/naming/evidence/func_80016C80.md
0x80016CF8,func_80016CF8,,none,,
0x80016D78,func_80016D78,,none,string_adjacent_info=?,docs/naming/evidence/func_80016D78.md
0x80016E40,func_80016E40,,none,,
0x80016E60,func_80016E60,cpu_set_move_command_and_dir_for_no_action_2_helper_80016E60,medium,sole_caller_path=cpu_set_move_command_and_dir_for_no_action_2_helper_80016E60,docs/naming/evidence/func_80016E60.md
0x800171AC,func_800171AC,,none,,
0x800171B8,func_800171B8,,none,,
0x80017714,func_80017714,,none,,
0x80017738,func_80017738,,none,,
0x80017748,func_80017748,,none,,
0x800177C8,func_800177C8,,none,,
0x80017848,func_80017848,,none,,
0x80017A44,func_80017A44,,none,,
0x80017D84,func_80017D84,,none,,
0x80017E8C,func_80017E8C,,none,,
0x80017EB4,func_80017EB4,,none,,
0x80017EF4,func_80017EF4,,none,,
0x80017F28,func_80017F28,,none,,
0x80017F5C,func_80017F5C,,none,,
0x80017F90,func_80017F90,,none,,
0x80017F98,func_80017F98,,none,,
0x80017FA0,func_80017FA0,,none,,
0x8001924C,func_8001924C,,none,,
0x80019310,func_80019310,gte_mvmva_wrapper_80019310,low,gte_op=gte_mvmva_wrapper_80019310,docs/naming/evidence/func_80019310.md
0x8001945C,func_8001945C,kgm_clamp_patch_init_helper_8001945C,medium,sole_caller_path=kgm_clamp_patch_init_helper_8001945C,docs/naming/evidence/func_8001945C.md
0x80019488,func_80019488,,none,,
0x800194C0,func_800194C0,,none,,
0x800194F4,func_800194F4,,none,,
0x80019534,func_80019534,,none,,
0x8001979C,func_8001979C,,none,,
0x800198D0,func_800198D0,,none,,
0x8001A484,func_8001A484,,none,string_adjacent_info=?,docs/naming/evidence/func_8001A484.md
0x8001A4F0,func_8001A4F0,,none,,
0x8001A538,func_8001A538,,none,,
0x8001A62C,func_8001A62C,,none,,
0x8001A67C,func_8001A67C,,none,,
0x8001A820,func_8001A820,,none,,
0x8001B138,func_8001B138,single_game_VoiceContorol_helper_8001B138,medium,sole_caller_path=single_game_VoiceContorol_helper_8001B138,docs/naming/evidence/func_8001B138.md
0x8001B690,func_8001B690,,none,,
0x8001B6F4,func_8001B6F4,,none,,
0x8001BAE4,func_8001BAE4,,none,,
0x8001BBD8,func_8001BBD8,,none,,
0x8001BCF0,func_8001BCF0,,none,,
0x8001BE20,func_8001BE20,,none,,
0x8001C444,func_8001C444,,none,,
0x8001C4C0,func_8001C4C0,,none,string_adjacent_info=?,docs/naming/evidence/func_8001C4C0.md
0x8001C51C,func_8001C51C,,none,,
0x8001C8DC,func_8001C8DC,,none,,
0x8001CD68,func_8001CD68,,none,,
0x8001DA2C,func_8001DA2C,,none,,
0x8001DB58,func_8001DB58,mk_leaf_newpos_helper_8001DB58,medium,sole_caller_path=mk_leaf_newpos_helper_8001DB58,docs/naming/evidence/func_8001DB58.md
0x8001E404,func_8001E404,,none,string_adjacent_info=?,docs/naming/evidence/func_8001E404.md
0x8001E6E4,func_8001E6E4,,none,,
0x8001E800,func_8001E800,,none,,
0x8001E878,func_8001E878,,none,string_adjacent_info=?,docs/naming/evidence/func_8001E878.md
0x8001EA04,func_8001EA04,,none,,
0x8001EEB4,func_8001EEB4,,none,,
0x8001EFA0,func_8001EFA0,,none,,
0x8001F1C4,func_8001F1C4,,none,,
0x8001F860,func_8001F860,,none,,
0x8001F888,func_8001F888,,none,string_adjacent_info=?,docs/naming/evidence/func_8001F888.md
0x8001F938,func_8001F938,,none,,
0x8001FAE4,func_8001FAE4,single_game_CheckStatusUpDataTotalOver_helper_8001FAE4,medium,sole_caller_path=single_game_CheckStatusUpDataTotalOver_helper_8001FAE4,docs/naming/evidence/func_8001FAE4.md
0x8001FB34,func_8001FB34,single_game_CheckStatusUpDataTotalOver_helper_8001FB34,medium,sole_caller_path=single_game_CheckStatusUpDataTotalOver_helper_8001FB34,docs/naming/evidence/func_8001FB34.md
0x8002006C,func_8002006C,,none,,
0x800200DC,func_800200DC,,none,,
0x800206B0,func_800206B0,,none,,
0x800207C8,func_800207C8,gte_mvmva_wrapper_800207C8,low,gte_op=gte_mvmva_wrapper_800207C8,docs/naming/evidence/func_800207C8.md
0x80020CDC,func_80020CDC,,none,,
0x80020D70,func_80020D70,,none,,
0x80020DDC,func_80020DDC,DispPracticeMenuTex_B_helper_80020DDC,medium,sole_caller_path=DispPracticeMenuTex_B_helper_80020DDC,docs/naming/evidence/func_80020DDC.md
0x80021210,func_80021210,mario_test_Exec_helper_80021210,medium,sole_caller_path=mario_test_Exec_helper_80021210,docs/naming/evidence/func_80021210.md
0x80021280,func_80021280,,none,,
0x800213A0,func_800213A0,,none,,
0x80021424,func_80021424,,none,,
0x800218C8,func_800218C8,,none,,
0x80021904,func_80021904,,none,,
0x80021974,func_80021974,,none,,
0x800219E4,func_800219E4,mario_test_Exec_helper_800219E4,medium,sole_caller_path=mario_test_Exec_helper_800219E4,docs/naming/evidence/func_800219E4.md
0x80021A3C,func_80021A3C,,none,,
0x80021A98,func_80021A98,,none,,
0x80021D10,func_80021D10,,none,,
0x80021DB0,func_80021DB0,,none,,
0x80022224,func_80022224,,none,,
0x80022408,func_80022408,,none,,
0x800224E0,func_800224E0,,none,,
0x80022580,func_80022580,,none,,
0x80022F34,func_80022F34,,none,,
0x8002304C,func_8002304C,,none,,
0x800233AC,func_800233AC,,none,,
0x80023648,func_80023648,,none,,
0x80023C30,func_80023C30,,none,,
0x80023CB4,func_80023CB4,,none,,
0x80023D08,func_80023D08,,none,,
0x80023D28,func_80023D28,,none,,
0x80023DB8,func_80023DB8,,none,,
0x80023E40,func_80023E40,,none,,
0x80023F08,func_80023F08,,none,,
0x80026DA4,func_80026DA4,,none,string_adjacent_info=?,docs/naming/evidence/func_80026DA4.md
0x800272FC,func_800272FC,calc_teasi_loc_fw_helper_800272FC,medium,sole_caller_path=calc_teasi_loc_fw_helper_800272FC,docs/naming/evidence/func_800272FC.md
0x8002738C,func_8002738C,,none,,
0x80027438,func_80027438,,none,,
0x800274BC,func_800274BC,,none,,
0x8002798C,func_8002798C,,none,,
0x80027A58,func_80027A58,,none,,
0x8002872C,func_8002872C,,none,string_adjacent_info=?,docs/naming/evidence/func_8002872C.md
0x8002906C,func_8002906C,se_data_set_helper_8002906C,medium,sole_caller_path=se_data_set_helper_8002906C,docs/naming/evidence/func_8002906C.md
0x80029454,func_80029454,,none,,
0x8002A458,func_8002A458,calc_loc_mat_fw_helper_8002A458,medium,gte_op=gte_helper_8002A458; sole_caller_path=calc_loc_mat_fw_helper_8002A458,docs/naming/evidence/func_8002A458.md
0x8002BC68,func_8002BC68,,none,,
0x8002BEA0,func_8002BEA0,,none,string_adjacent_info=?,docs/naming/evidence/func_8002BEA0.md
0x8002C0DC,func_8002C0DC,,none,,
0x8002C61C,func_8002C61C,,none,string_adjacent_info=?,docs/naming/evidence/func_8002C61C.md
0x8002CA8C,func_8002CA8C,calc_loc_mat_fw_helper_8002CA8C,medium,sole_caller_path=calc_loc_mat_fw_helper_8002CA8C,docs/naming/evidence/func_8002CA8C.md
0x8002D320,func_8002D320,gte_mvmva_wrapper_8002D320,low,gte_op=gte_mvmva_wrapper_8002D320,docs/naming/evidence/func_8002D320.md
0x8002DE20,func_8002DE20,gte_mvmva_wrapper_8002DE20,low,gte_op=gte_mvmva_wrapper_8002DE20,docs/naming/evidence/func_8002DE20.md
0x8002EA24,func_8002EA24,gte_mvmva_wrapper_8002EA24,low,gte_op=gte_mvmva_wrapper_8002EA24,docs/naming/evidence/func_8002EA24.md
0x8002EECC,func_8002EECC,,none,,
0x8002F2D0,func_8002F2D0,gte_mvmva_wrapper_8002F2D0,low,gte_op=gte_mvmva_wrapper_8002F2D0,docs/naming/evidence/func_8002F2D0.md
0x8002F770,func_8002F770,gte_mvmva_wrapper_8002F770,low,gte_op=gte_mvmva_wrapper_8002F770,docs/naming/evidence/func_8002F770.md
0x8002FF20,func_8002FF20,gte_mvmva_wrapper_8002FF20,low,gte_op=gte_mvmva_wrapper_8002FF20,docs/naming/evidence/func_8002FF20.md
0x800300B4,func_800300B4,gte_mvmva_wrapper_800300B4,low,gte_op=gte_mvmva_wrapper_800300B4,docs/naming/evidence/func_800300B4.md
0x80030208,func_80030208,,none,,
0x8003032C,func_8003032C,,none,,
0x8003043C,func_8003043C,psyq_memset_8003043C,high,psyq_idiom=psyq_memset_8003043C; sole_caller_path=mario_test_Exec_helper_8003043C,docs/naming/evidence/func_8003043C.md
0x8003047C,func_8003047C,,none,,
0x80030524,func_80030524,,none,,
0x80030900,func_80030900,,none,,
0x80030A2C,func_80030A2C,,none,,
0x80030B10,func_80030B10,,none,,
0x80030BA8,func_80030BA8,,none,,
0x80030D04,func_80030D04,,none,,
0x80030D48,func_80030D48,,none,,
0x80030D50,func_80030D50,,none,,
0x80030D7C,func_80030D7C,,none,,
0x80031890,func_80031890,gte_mvmva_wrapper_80031890,low,gte_op=gte_mvmva_wrapper_80031890,docs/naming/evidence/func_80031890.md
0x80031B24,func_80031B24,,none,,
0x80032040,func_80032040,mario_test_Exec_helper_80032040,medium,sole_caller_path=mario_test_Exec_helper_80032040,docs/naming/evidence/func_80032040.md
0x80032064,func_80032064,,none,,
0x800324D0,func_800324D0,,none,,
0x800325E0,func_800325E0,,none,,
0x80032854,func_80032854,,none,,
0x80032C50,func_80032C50,,none,,
0x8003339C,func_8003339C,,none,,
0x80033498,func_80033498,,none,,
0x80033510,func_80033510,mario_test_Exec_helper_80033510,medium,sole_caller_path=mario_test_Exec_helper_80033510,docs/naming/evidence/func_80033510.md
0x80033550,func_80033550,DispPracticeMenuTex_C_helper_80033550,medium,sole_caller_path=DispPracticeMenuTex_C_helper_80033550,docs/naming/evidence/func_80033550.md
0x80033898,func_80033898,,none,,
0x80033D38,func_80033D38,,none,string_adjacent_info=?,docs/naming/evidence/func_80033D38.md
0x80033DF4,func_80033DF4,,none,,
0x80033FE4,func_80033FE4,,none,,
0x800340A0,func_800340A0,,none,,
0x80034200,func_80034200,,none,,
0x800342A0,func_800342A0,,none,,
0x800343F0,func_800343F0,DispSamnailWindow_helper_800343F0,medium,sole_caller_path=DispSamnailWindow_helper_800343F0,docs/naming/evidence/func_800343F0.md
0x80034708,func_80034708,,none,string_adjacent_info=?,docs/naming/evidence/func_80034708.md
0x80034F88,func_80034F88,,none,,
0x8003504C,func_8003504C,,none,,
0x80035430,func_80035430,,none,,
0x80035438,func_80035438,,none,,
0x80035480,func_80035480,,none,,
0x8003553C,func_8003553C,,none,,
0x800355E8,func_800355E8,,none,,
0x80035828,func_80035828,,none,,
0x80035E88,func_80035E88,,none,,
0x80035EDC,func_80035EDC,,none,,
0x80035F30,func_80035F30,,none,,
0x80035F78,func_80035F78,,none,,
0x80035FA8,func_80035FA8,,none,,
0x80035FE0,func_80035FE0,,none,,
0x80036034,func_80036034,,none,,
0x80036D88,func_80036D88,game_FrameLoop_helper_80036D88,medium,sole_caller_path=game_FrameLoop_helper_80036D88; address_neighborhood=game_local_80036D88,docs/naming/evidence/func_80036D88.md
0x80036D98,func_80036D98,game_local_80036D98,low,address_neighborhood=game_local_80036D98,docs/naming/evidence/func_80036D98.md
0x80036EA8,func_80036EA8,game_local_80036EA8,low,address_neighborhood=game_local_80036EA8,docs/naming/evidence/func_80036EA8.md
0x80036F28,func_80036F28,game_local_80036F28,low,address_neighborhood=game_local_80036F28,docs/naming/evidence/func_80036F28.md
0x80036FD4,func_80036FD4,game_local_80036FD4,low,address_neighborhood=game_local_80036FD4,docs/naming/evidence/func_80036FD4.md
0x80037110,func_80037110,mottest_local_80037110,low,address_neighborhood=mottest_local_80037110,docs/naming/evidence/func_80037110.md
0x800371AC,func_800371AC,mottest_local_800371AC,low,address_neighborhood=mottest_local_800371AC,docs/naming/evidence/func_800371AC.md
0x800371E8,func_800371E8,,none,,
0x800371F8,func_800371F8,,none,,
0x80037234,func_80037234,,none,,
0x80037250,func_80037250,replay_camera_check_stage_80037250,medium,kengo_pattern=replay_camera_check_stage_80037250,docs/naming/evidence/func_80037250.md
0x800372C0,func_800372C0,cpu_helper_800372C0,medium,call_graph_cluster=cpu_helper_800372C0,docs/naming/evidence/func_800372C0.md
0x800372F4,func_800372F4,,none,,
0x80037348,func_80037348,,none,,
0x80037540,func_80037540,,none,,
0x80037774,func_80037774,memcard_local_80037774,low,address_neighborhood=memcard_local_80037774,docs/naming/evidence/func_80037774.md
0x80037804,func_80037804,memcard_local_80037804,low,address_neighborhood=memcard_local_80037804,docs/naming/evidence/func_80037804.md
0x800378A8,func_800378A8,,none,,
0x8003791C,func_8003791C,,none,,
0x80037964,func_80037964,memcard_local_80037964,low,address_neighborhood=memcard_local_80037964,docs/naming/evidence/func_80037964.md
0x800379D8,func_800379D8,memcard_local_800379D8,low,address_neighborhood=memcard_local_800379D8,docs/naming/evidence/func_800379D8.md
0x80037A20,func_80037A20,memcard_local_80037A20,medium,address_neighborhood=memcard_local_80037A20; string_adjacent=memcard_func_80037A20,docs/naming/evidence/func_80037A20.md
0x80037AA4,func_80037AA4,pad_FuncAnalog_helper_80037AA4,medium,sole_caller_path=pad_FuncAnalog_helper_80037AA4; address_neighborhood=memcard_local_80037AA4,docs/naming/evidence/func_80037AA4.md
0x80037B00,func_80037B00,pad_FuncAnalog_helper_80037B00,medium,sole_caller_path=pad_FuncAnalog_helper_80037B00,docs/naming/evidence/func_80037B00.md
0x80037B90,func_80037B90,pad_FuncAnalog_helper_80037B90,medium,sole_caller_path=pad_FuncAnalog_helper_80037B90; string_adjacent_info=?,docs/naming/evidence/func_80037B90.md
0x80037C34,func_80037C34,pad_FuncAnalog_helper_80037C34,medium,sole_caller_path=pad_FuncAnalog_helper_80037C34; string_adjacent_info=?,docs/naming/evidence/func_80037C34.md
0x80037F40,func_80037F40,,none,,
0x80038148,func_80038148,psyq_memset_80038148,high,psyq_idiom=psyq_memset_80038148; sole_caller_path=pad_FuncAnalog_helper_80038148,docs/naming/evidence/func_80038148.md
0x80038170,func_80038170,pad_FuncAnalog_helper_80038170,medium,sole_caller_path=pad_FuncAnalog_helper_80038170,docs/naming/evidence/func_80038170.md
0x80038658,func_80038658,motion_local_80038658,low,address_neighborhood=motion_local_80038658,docs/naming/evidence/func_80038658.md
0x80038734,func_80038734,motion_local_80038734,low,address_neighborhood=motion_local_80038734,docs/naming/evidence/func_80038734.md
0x8003879C,func_8003879C,motion_SetMotion_helper_8003879C,medium,sole_caller_path=motion_SetMotion_helper_8003879C; address_neighborhood=motion_local_8003879C,docs/naming/evidence/func_8003879C.md
0x800387C0,func_800387C0,motion_SetMotion_helper_800387C0,medium,kengo_pattern=motion_SavePreCalcData_800387C0; sole_caller_path=motion_SetMotion_helper_800387C0; address_neighborhood=motion_local_800387C0,docs/naming/evidence/func_800387C0.md
0x800387E8,func_800387E8,motion_SetMotion_helper_800387E8,medium,sole_caller_path=motion_SetMotion_helper_800387E8; address_neighborhood=motion_local_800387E8,docs/naming/evidence/func_800387E8.md
0x8003880C,func_8003880C,motion_local_8003880C,low,address_neighborhood=motion_local_8003880C,docs/naming/evidence/func_8003880C.md
0x800388A8,func_800388A8,motion_local_800388A8,low,address_neighborhood=motion_local_800388A8,docs/naming/evidence/func_800388A8.md
0x80038988,func_80038988,motion_local_80038988,low,address_neighborhood=motion_local_80038988,docs/naming/evidence/func_80038988.md
0x800392B8,func_800392B8,,none,,
0x800392C8,func_800392C8,,none,,
0x80039320,func_80039320,,none,,
0x800395B4,func_800395B4,,none,,
0x80039680,func_80039680,,none,,
0x800397A0,func_800397A0,mode_local_800397A0,low,address_neighborhood=mode_local_800397A0,docs/naming/evidence/func_800397A0.md
0x800397D4,func_800397D4,,none,,
0x8003984C,func_8003984C,mode_local_8003984C,low,address_neighborhood=mode_local_8003984C,docs/naming/evidence/func_8003984C.md
0x8003993C,func_8003993C,,none,,
0x8003A174,func_8003A174,,none,string_adjacent_info=?,docs/naming/evidence/func_8003A174.md
0x8003A264,func_8003A264,,none,,
0x8003A2DC,func_8003A2DC,,none,,
0x8003A308,func_8003A308,,none,,
0x8003A360,func_8003A360,,none,,
0x8003A39C,func_8003A39C,,none,,
0x8003A41C,func_8003A41C,replay_camera_check_stage_8003A41C,medium,kengo_pattern=replay_camera_check_stage_8003A41C,docs/naming/evidence/func_8003A41C.md
0x8003A42C,func_8003A42C,,none,,
0x8003A450,func_8003A450,,none,,
0x8003A6FC,func_8003A6FC,,none,,
0x8003A728,func_8003A728,,none,,
0x8003AA48,func_8003AA48,,none,,
0x8003AA78,func_8003AA78,,none,,
0x8003AAB0,func_8003AAB0,,none,,
0x8003AB44,func_8003AB44,,none,,
0x8003ACB8,func_8003ACB8,replay_camera_rob_back_loose2_helper_8003ACB8,medium,sole_caller_path=replay_camera_rob_back_loose2_helper_8003ACB8,docs/naming/evidence/func_8003ACB8.md
0x8003AE5C,func_8003AE5C,,none,,
0x8003AF40,func_8003AF40,,none,,
0x8003AFFC,func_8003AFFC,,none,string_adjacent_info=?,docs/naming/evidence/func_8003AFFC.md
0x8003B10C,func_8003B10C,,none,string_adjacent_info=?,docs/naming/evidence/func_8003B10C.md
0x8003B20C,func_8003B20C,DispSamnailWindow_helper_8003B20C,medium,sole_caller_path=DispSamnailWindow_helper_8003B20C,docs/naming/evidence/func_8003B20C.md
0x8003B2C8,func_8003B2C8,suDispMentalBar_helper_8003B2C8,medium,kengo_pattern=coli_cancel_hit_pause_katana_8003B2C8; sole_caller_path=suDispMentalBar_helper_8003B2C8,docs/naming/evidence/func_8003B2C8.md
0x8003B328,func_8003B328,,none,,
0x8003B3A4,func_8003B3A4,suDispMentalBar_helper_8003B3A4,medium,sole_caller_path=suDispMentalBar_helper_8003B3A4,docs/naming/evidence/func_8003B3A4.md
0x8003B484,func_8003B484,coli_cancel_hit_pause_katana_8003B484,low,kengo_pattern=coli_cancel_hit_pause_katana_8003B484,docs/naming/evidence/func_8003B484.md
0x8003B4DC,func_8003B4DC,suDispMentalBar_helper_8003B4DC,medium,kengo_pattern=coli_cancel_hit_pause_katana_8003B4DC; sole_caller_path=suDispMentalBar_helper_8003B4DC,docs/naming/evidence/func_8003B4DC.md
0x8003B534,func_8003B534,,none,string_adjacent_info=?,docs/naming/evidence/func_8003B534.md
0x8003B56C,func_8003B56C,,none,string_adjacent_info=?,docs/naming/evidence/func_8003B56C.md
0x8003B870,func_8003B870,mode_local_8003B870,low,address_neighborhood=mode_local_8003B870,docs/naming/evidence/func_8003B870.md
0x8003B8E4,func_8003B8E4,mode_local_8003B8E4,low,address_neighborhood=mode_local_8003B8E4,docs/naming/evidence/func_8003B8E4.md
0x8003B9D0,func_8003B9D0,mode_local_8003B9D0,low,address_neighborhood=mode_local_8003B9D0; string_adjacent_info=?,docs/naming/evidence/func_8003B9D0.md
0x8003BE10,func_8003BE10,mode_local_8003BE10,low,address_neighborhood=mode_local_8003BE10,docs/naming/evidence/func_8003BE10.md
0x8003BEA8,func_8003BEA8,mode_local_8003BEA8,low,address_neighborhood=mode_local_8003BEA8,docs/naming/evidence/func_8003BEA8.md
0x8003BFC4,func_8003BFC4,mode_local_8003BFC4,low,address_neighborhood=mode_local_8003BFC4,docs/naming/evidence/func_8003BFC4.md
0x8003C2C0,func_8003C2C0,,none,,
0x8003C42C,func_8003C42C,,none,,
0x8003C560,func_8003C560,,none,,
0x8003C8B4,func_8003C8B4,mode_local_8003C8B4,low,address_neighborhood=mode_local_8003C8B4,docs/naming/evidence/func_8003C8B4.md
0x8003C958,func_8003C958,mode_local_8003C958,low,address_neighborhood=mode_local_8003C958,docs/naming/evidence/func_8003C958.md
0x8003C9A4,func_8003C9A4,mode_local_8003C9A4,low,address_neighborhood=mode_local_8003C9A4,docs/naming/evidence/func_8003C9A4.md
0x8003CCCC,func_8003CCCC,mode_local_8003CCCC,low,address_neighborhood=mode_local_8003CCCC,docs/naming/evidence/func_8003CCCC.md
0x8003CD10,func_8003CD10,mode_local_8003CD10,low,address_neighborhood=mode_local_8003CD10,docs/naming/evidence/func_8003CD10.md
0x8003CE18,func_8003CE18,mode_local_8003CE18,low,address_neighborhood=mode_local_8003CE18; string_adjacent_info=?,docs/naming/evidence/func_8003CE18.md
0x8003CF84,func_8003CF84,,none,string_adjacent_info=?,docs/naming/evidence/func_8003CF84.md
0x8003D330,func_8003D330,,none,,
0x8003D39C,func_8003D39C,,none,,
0x8003D478,func_8003D478,,none,,
0x8003D774,func_8003D774,,none,,
0x8003D7B4,func_8003D7B4,,none,,
0x8003D888,func_8003D888,,none,,
0x8003D91C,func_8003D91C,,none,,
0x8003D9A0,func_8003D9A0,,none,,
0x8003DBE4,func_8003DBE4,tslLineG5Init_helper_8003DBE4,medium,sole_caller_path=tslLineG5Init_helper_8003DBE4,docs/naming/evidence/func_8003DBE4.md
0x8003DDF8,func_8003DDF8,,none,,
0x8003DE14,func_8003DE14,,none,,
0x8003E0E0,func_8003E0E0,,none,,
0x8003E120,func_8003E120,,none,,
0x8003E2AC,func_8003E2AC,,none,,
0x8003E2C8,func_8003E2C8,replay_camera_check_stage_8003E2C8,medium,kengo_pattern=replay_camera_check_stage_8003E2C8,docs/naming/evidence/func_8003E2C8.md
0x8003E6A0,func_8003E6A0,,none,,
0x8003F168,func_8003F168,,none,,
0x8003F1C8,func_8003F1C8,,none,,
0x8003F1D4,func_8003F1D4,,none,,
0x8003F1E4,func_8003F1E4,,none,,
0x8003F218,func_8003F218,,none,,
0x8003F268,func_8003F268,,none,,
0x8003F274,func_8003F274,,none,,
0x8003F388,func_8003F388,replay_camera_get_attack_number_helper_8003F388,medium,sole_caller_path=replay_camera_get_attack_number_helper_8003F388,docs/naming/evidence/func_8003F388.md
0x8003F3D4,func_8003F3D4,,none,,
0x8003F420,func_8003F420,,none,,
0x8003F52C,func_8003F52C,,none,,
0x8003F54C,func_8003F54C,,none,,
0x8003F5A8,func_8003F5A8,,none,,
0x8003F5CC,func_8003F5CC,,none,,
0x8003F7F4,func_8003F7F4,,none,,
0x8003FA24,func_8003FA24,tslPrintScreen_helper_8003FA24,medium,sole_caller_path=tslPrintScreen_helper_8003FA24; string_adjacent_info=?,docs/naming/evidence/func_8003FA24.md
0x8003FE40,func_8003FE40,,none,,
0x8003FECC,func_8003FECC,tslPrintScreen_helper_8003FECC,medium,sole_caller_path=tslPrintScreen_helper_8003FECC,docs/naming/evidence/func_8003FECC.md
0x8003FFE0,func_8003FFE0,mario_test_Exec_helper_8003FFE0,medium,sole_caller_path=mario_test_Exec_helper_8003FFE0,docs/naming/evidence/func_8003FFE0.md
0x800400F8,func_800400F8,,none,,
0x8004016C,func_8004016C,,none,,
0x8004019C,func_8004019C,,none,,
0x80040400,func_80040400,,none,,
0x8004046C,func_8004046C,,none,,
0x800404A0,func_800404A0,,none,,
0x80040510,func_80040510,,none,,
0x80040A78,func_80040A78,rob_local_80040A78,low,address_neighborhood=rob_local_80040A78,docs/naming/evidence/func_80040A78.md
0x80040CB8,func_80040CB8,,none,,
0x80040D48,func_80040D48,,none,,
0x80041430,func_80041430,player_local_80041430,low,address_neighborhood=player_local_80041430,docs/naming/evidence/func_80041430.md
0x8004153C,func_8004153C,player_local_8004153C,low,address_neighborhood=player_local_8004153C,docs/naming/evidence/func_8004153C.md
0x80041554,func_80041554,player_local_80041554,low,address_neighborhood=player_local_80041554,docs/naming/evidence/func_80041554.md
0x80041584,func_80041584,player_local_80041584,low,address_neighborhood=player_local_80041584,docs/naming/evidence/func_80041584.md
0x80041650,func_80041650,player_local_80041650,low,address_neighborhood=player_local_80041650,docs/naming/evidence/func_80041650.md
0x800417D0,func_800417D0,,none,,
0x800418D0,func_800418D0,,none,,
0x80041988,func_80041988,AllocRobRmd_helper_80041988,medium,sole_caller_path=AllocRobRmd_helper_80041988,docs/naming/evidence/func_80041988.md
0x80041E10,func_80041E10,,none,,
0x800420D0,func_800420D0,,none,,
0x800420E8,func_800420E8,,none,,
0x8004211C,func_8004211C,,none,,
0x800421C8,func_800421C8,,none,,
0x80042478,func_80042478,,none,,
0x8004283C,func_8004283C,,none,,
0x80042E90,func_80042E90,,none,,
0x80042ED8,func_80042ED8,,none,,
0x80042F10,func_80042F10,,none,,
0x80042FA0,func_80042FA0,,none,,
0x800430E4,func_800430E4,,none,,
0x80043244,func_80043244,,none,,
0x80043278,func_80043278,,none,,
0x80043398,func_80043398,AllocRobRmd_helper_80043398,medium,sole_caller_path=AllocRobRmd_helper_80043398,docs/naming/evidence/func_80043398.md
0x800433E4,func_800433E4,efc_rob_set_type_particle_helper_800433E4,medium,sole_caller_path=efc_rob_set_type_particle_helper_800433E4,docs/naming/evidence/func_800433E4.md
0x80043454,func_80043454,,none,,
0x80043BD0,func_80043BD0,,none,,
0x80043C7C,func_80043C7C,,none,,
0x80043D34,func_80043D34,gnd_local_80043D34,low,address_neighborhood=gnd_local_80043D34,docs/naming/evidence/func_80043D34.md
0x80043DE0,func_80043DE0,,none,,
0x80043E98,func_80043E98,,none,,
0x80043F0C,func_80043F0C,,none,,
0x80043F80,func_80043F80,,none,,
0x80043FCC,func_80043FCC,,none,,
0x80044010,func_80044010,,none,,
0x80044098,func_80044098,,none,,
0x80044100,func_80044100,,none,,
0x80044170,func_80044170,,none,,
0x80044498,func_80044498,,none,,
0x80044504,func_80044504,,none,,
0x80044650,func_80044650,,none,,
0x80044670,func_80044670,stage_func_80044670,low,string_adjacent=stage_func_80044670,docs/naming/evidence/func_80044670.md
0x8004473C,func_8004473C,,none,string_adjacent_info=?,docs/naming/evidence/func_8004473C.md
0x80044B30,func_80044B30,DispPracticeMenuTex_C_helper_80044B30,medium,sole_caller_path=DispPracticeMenuTex_C_helper_80044B30; string_adjacent=stage_func_80044B30,docs/naming/evidence/func_80044B30.md
0x80044C70,func_80044C70,,none,string_adjacent_info=?,docs/naming/evidence/func_80044C70.md
0x80044CCC,func_80044CCC,,none,,
0x80044DE4,func_80044DE4,hirahira_w_ctrl_helper_80044DE4,medium,sole_caller_path=hirahira_w_ctrl_helper_80044DE4,docs/naming/evidence/func_80044DE4.md
0x80044E64,func_80044E64,myRobGeneiClose_80044E64,medium,kengo_pattern=myRobGeneiClose_80044E64,docs/naming/evidence/func_80044E64.md
0x80044E6C,func_80044E6C,myRobGeneiClose_80044E6C,medium,kengo_pattern=myRobGeneiClose_80044E6C,docs/naming/evidence/func_80044E6C.md
0x80044E74,func_80044E74,,none,,
0x80044ED8,func_80044ED8,,none,,
0x80044F30,func_80044F30,,none,,
0x80044F50,func_80044F50,efc_rob_set_type_particle_helper_80044F50,medium,sole_caller_path=efc_rob_set_type_particle_helper_80044F50,docs/naming/evidence/func_80044F50.md
0x80044FA0,func_80044FA0,seq_local_80044FA0,medium,address_neighborhood=seq_local_80044FA0; string_adjacent=overflow_func_80044FA0,docs/naming/evidence/func_80044FA0.md
0x80045080,func_80045080,seq_local_80045080,low,address_neighborhood=seq_local_80045080,docs/naming/evidence/func_80045080.md
0x800450F4,func_800450F4,seq_local_800450F4,low,address_neighborhood=seq_local_800450F4,docs/naming/evidence/func_800450F4.md
0x800451A0,func_800451A0,seq_local_800451A0,low,address_neighborhood=seq_local_800451A0,docs/naming/evidence/func_800451A0.md
0x800451D0,func_800451D0,seq_local_800451D0,low,address_neighborhood=seq_local_800451D0; string_adjacent_info=?,docs/naming/evidence/func_800451D0.md
0x800453E0,func_800453E0,,none,string_adjacent_info=?,docs/naming/evidence/func_800453E0.md
0x800455AC,func_800455AC,,none,string_adjacent_info=?,docs/naming/evidence/func_800455AC.md
0x800456F0,func_800456F0,,none,string_adjacent_info=?,docs/naming/evidence/func_800456F0.md
0x8004574C,func_8004574C,,none,string_adjacent_info=?,docs/naming/evidence/func_8004574C.md
0x800457A0,func_800457A0,,none,,
0x800457D4,func_800457D4,myRobGeneiClose_800457D4,medium,kengo_pattern=myRobGeneiClose_800457D4,docs/naming/evidence/func_800457D4.md
0x800457DC,func_800457DC,efc_ougi_Init_800457DC,medium,kengo_pattern=efc_ougi_Init_800457DC,docs/naming/evidence/func_800457DC.md
0x800457E8,func_800457E8,,none,,
0x800457FC,func_800457FC,efc_ougi_Init_800457FC,medium,kengo_pattern=efc_ougi_Init_800457FC; string_adjacent_info=?,docs/naming/evidence/func_800457FC.md
0x80045808,func_80045808,efc_ougi_Init_80045808,medium,kengo_pattern=efc_ougi_Init_80045808,docs/naming/evidence/func_80045808.md
0x80045814,func_80045814,replay_camera_check_stage_80045814,medium,kengo_pattern=replay_camera_check_stage_80045814; string_adjacent_info=?,docs/naming/evidence/func_80045814.md
0x80045878,func_80045878,,none,,
0x80045A50,func_80045A50,player_Destroy_helper_80045A50,medium,sole_caller_path=player_Destroy_helper_80045A50,docs/naming/evidence/func_80045A50.md
0x80045AA4,func_80045AA4,,none,,
0x80046048,func_80046048,,none,,
0x800460E4,func_800460E4,,none,,
0x800464C4,func_800464C4,,none,,
0x8004659C,func_8004659C,,none,,
0x8004668C,func_8004668C,,none,,
0x800466C0,func_800466C0,,none,,
0x80046780,func_80046780,,none,,
0x8004678C,func_8004678C,,none,,
0x80046798,func_80046798,,none,,
0x800467A8,func_800467A8,,none,,
0x800467B8,func_800467B8,,none,,
0x800468B0,func_800468B0,,none,,
0x800468DC,func_800468DC,,none,,
0x80046954,func_80046954,,none,,
0x8004695C,func_8004695C,,none,,
0x800469A0,func_800469A0,,none,,
0x800469C4,func_800469C4,,none,,
0x80046A80,func_80046A80,,none,,
0x80046AA0,func_80046AA0,,none,,
0x80046AE8,func_80046AE8,,none,,
0x80046B20,func_80046B20,,none,,
0x80046B44,func_80046B44,,none,,
0x80046BF4,func_80046BF4,,none,,
0x80046DA8,func_80046DA8,,none,,
0x80046DE4,func_80046DE4,,none,,
0x80046DEC,func_80046DEC,,none,,
0x80046E18,func_80046E18,,none,,
0x80046E44,func_80046E44,,none,,
0x80046E54,func_80046E54,,none,,
0x80046E7C,func_80046E7C,,none,,
0x80046E8C,func_80046E8C,,none,,
0x80046EA0,func_80046EA0,,none,,
0x80046EDC,func_80046EDC,,none,,
0x80046F14,func_80046F14,,none,,
0x80046F24,func_80046F24,,none,,
0x8004700C,func_8004700C,,none,,
0x800470B0,func_800470B0,,none,,
0x80047210,func_80047210,,none,,
0x800472B0,func_800472B0,,none,,
0x800472C0,func_800472C0,,none,,
0x80047384,func_80047384,,none,,
0x8004746C,func_8004746C,,none,,
0x8004748C,func_8004748C,,none,,
0x800474AC,func_800474AC,,none,,
0x800474D0,func_800474D0,,none,,
0x800474F0,func_800474F0,,none,,
0x80047510,func_80047510,,none,,
0x80047530,func_80047530,,none,,
0x80047550,func_80047550,,none,,
0x80047570,func_80047570,,none,,
0x800475A4,func_800475A4,,none,,
0x80047738,func_80047738,,none,,
0x8004775C,func_8004775C,,none,,
0x8004777C,func_8004777C,,none,,
0x8004779C,func_8004779C,,none,,
0x800477BC,func_800477BC,,none,,
0x800477C4,func_800477C4,,none,,
0x800477CC,func_800477CC,,none,,
0x800477D4,func_800477D4,,none,,
0x800477DC,func_800477DC,,none,,
0x800477E8,func_800477E8,,none,,
0x80047A90,func_80047A90,,none,,
0x80047BE0,func_80047BE0,,none,,
0x80047D94,func_80047D94,,none,,
0x80047E5C,func_80047E5C,,none,,
0x80047EC8,func_80047EC8,,none,,
0x80047ED0,func_80047ED0,,none,,
0x800481E8,func_800481E8,,none,,
0x800483DC,func_800483DC,,none,,
0x800484A0,func_800484A0,,none,,
0x80048530,func_80048530,,none,,
0x800485EC,func_800485EC,,none,,
0x800486FC,func_800486FC,,none,,
0x80048744,func_80048744,,none,,
0x8004876C,func_8004876C,,none,,
0x8004881C,func_8004881C,,none,,
0x80048A7C,func_80048A7C,saTan4FireDisp_helper_80048A7C,medium,sole_caller_path=saTan4FireDisp_helper_80048A7C,docs/naming/evidence/func_80048A7C.md
0x80048BA4,func_80048BA4,,none,,
0x80048F58,func_80048F58,,none,,
0x80048FFC,func_80048FFC,,none,,
0x800493E4,func_800493E4,,none,,
0x800494D4,func_800494D4,,none,,
0x8004954C,func_8004954C,,none,,
0x80049584,func_80049584,,none,,
0x80049710,func_80049710,,none,,
0x80049718,func_80049718,,none,,
0x80049A2C,func_80049A2C,,none,,
0x80049C24,func_80049C24,efc_rob_set_type_particle_helper_80049C24,medium,sole_caller_path=efc_rob_set_type_particle_helper_80049C24,docs/naming/evidence/func_80049C24.md
0x80049E1C,func_80049E1C,,none,,
0x80049E4C,func_80049E4C,,none,,
0x80049F4C,func_80049F4C,,none,,
0x8004A09C,func_8004A09C,,none,,
0x8004A1FC,func_8004A1FC,,none,,
0x8004A348,func_8004A348,gte_helper_8004A348,low,gte_op=gte_helper_8004A348,docs/naming/evidence/func_8004A348.md
0x8004A4E0,func_8004A4E0,gte_helper_8004A4E0,low,gte_op=gte_helper_8004A4E0,docs/naming/evidence/func_8004A4E0.md
0x8004A76C,func_8004A76C,gte_rtpt_wrapper_8004A76C,low,gte_op=gte_rtpt_wrapper_8004A76C,docs/naming/evidence/func_8004A76C.md
0x8004A808,func_8004A808,gte_rtpt_wrapper_8004A808,low,gte_op=gte_rtpt_wrapper_8004A808,docs/naming/evidence/func_8004A808.md
0x8004A938,func_8004A938,,none,,
0x8004BB68,func_8004BB68,gte_rtpt_wrapper_8004BB68,low,gte_op=gte_rtpt_wrapper_8004BB68,docs/naming/evidence/func_8004BB68.md
0x8004C1F4,func_8004C1F4,gte_rtpt_wrapper_8004C1F4,low,gte_op=gte_rtpt_wrapper_8004C1F4,docs/naming/evidence/func_8004C1F4.md
0x8004C388,func_8004C388,,none,,
0x8004C404,func_8004C404,gte_rtpt_wrapper_8004C404,low,gte_op=gte_rtpt_wrapper_8004C404,docs/naming/evidence/func_8004C404.md
0x8004C994,func_8004C994,gte_nclip_wrapper_8004C994,low,gte_op=gte_nclip_wrapper_8004C994,docs/naming/evidence/func_8004C994.md
0x8004CB8C,func_8004CB8C,gte_nclip_wrapper_8004CB8C,low,gte_op=gte_nclip_wrapper_8004CB8C,docs/naming/evidence/func_8004CB8C.md
0x8004CDB0,func_8004CDB0,gte_nclip_wrapper_8004CDB0,low,gte_op=gte_nclip_wrapper_8004CDB0,docs/naming/evidence/func_8004CDB0.md
0x8004CFE0,func_8004CFE0,gte_nclip_wrapper_8004CFE0,low,gte_op=gte_nclip_wrapper_8004CFE0,docs/naming/evidence/func_8004CFE0.md
0x8004D244,func_8004D244,gte_nclip_wrapper_8004D244,low,gte_op=gte_nclip_wrapper_8004D244,docs/naming/evidence/func_8004D244.md
0x8004D424,func_8004D424,gte_nclip_wrapper_8004D424,low,gte_op=gte_nclip_wrapper_8004D424,docs/naming/evidence/func_8004D424.md
0x8004D634,func_8004D634,gte_nclip_wrapper_8004D634,low,gte_op=gte_nclip_wrapper_8004D634,docs/naming/evidence/func_8004D634.md
0x8004D838,func_8004D838,gte_nclip_wrapper_8004D838,low,gte_op=gte_nclip_wrapper_8004D838,docs/naming/evidence/func_8004D838.md
0x8004DA74,func_8004DA74,gte_rtpt_wrapper_8004DA74,low,gte_op=gte_rtpt_wrapper_8004DA74,docs/naming/evidence/func_8004DA74.md
0x8004DDB4,func_8004DDB4,gte_mvmva_wrapper_8004DDB4,low,gte_op=gte_mvmva_wrapper_8004DDB4,docs/naming/evidence/func_8004DDB4.md
0x8004E564,func_8004E564,,none,,
0x8004E56C,func_8004E56C,,none,,
0x8004E574,func_8004E574,gte_nclip_wrapper_8004E574,low,gte_op=gte_nclip_wrapper_8004E574,docs/naming/evidence/func_8004E574.md
0x8004E7E4,func_8004E7E4,gte_nclip_wrapper_8004E7E4,low,gte_op=gte_nclip_wrapper_8004E7E4,docs/naming/evidence/func_8004E7E4.md
0x8004EAC8,func_8004EAC8,gte_nclip_wrapper_8004EAC8,low,gte_op=gte_nclip_wrapper_8004EAC8,docs/naming/evidence/func_8004EAC8.md
0x8004ECC8,func_8004ECC8,gte_nclip_wrapper_8004ECC8,low,gte_op=gte_nclip_wrapper_8004ECC8,docs/naming/evidence/func_8004ECC8.md
0x8004EF10,func_8004EF10,gte_nclip_wrapper_8004EF10,low,gte_op=gte_nclip_wrapper_8004EF10,docs/naming/evidence/func_8004EF10.md
0x8004F0FC,func_8004F0FC,gte_nclip_wrapper_8004F0FC,low,gte_op=gte_nclip_wrapper_8004F0FC,docs/naming/evidence/func_8004F0FC.md
0x8004F314,func_8004F314,gte_nclip_wrapper_8004F314,low,gte_op=gte_nclip_wrapper_8004F314,docs/naming/evidence/func_8004F314.md
0x8004F53C,func_8004F53C,gte_nclip_wrapper_8004F53C,low,gte_op=gte_nclip_wrapper_8004F53C,docs/naming/evidence/func_8004F53C.md
0x8004F798,func_8004F798,gte_nclip_wrapper_8004F798,low,gte_op=gte_nclip_wrapper_8004F798,docs/naming/evidence/func_8004F798.md
0x8004F970,func_8004F970,gte_nclip_wrapper_8004F970,low,gte_op=gte_nclip_wrapper_8004F970,docs/naming/evidence/func_8004F970.md
0x8004FB74,func_8004FB74,gte_nclip_wrapper_8004FB74,low,gte_op=gte_nclip_wrapper_8004FB74,docs/naming/evidence/func_8004FB74.md
0x8004FD40,func_8004FD40,gte_nclip_wrapper_8004FD40,low,gte_op=gte_nclip_wrapper_8004FD40,docs/naming/evidence/func_8004FD40.md
0x8004FF40,func_8004FF40,gte_nclip_wrapper_8004FF40,low,gte_op=gte_nclip_wrapper_8004FF40,docs/naming/evidence/func_8004FF40.md
0x80050120,func_80050120,gte_nclip_wrapper_80050120,low,gte_op=gte_nclip_wrapper_80050120,docs/naming/evidence/func_80050120.md
0x80050334,func_80050334,gte_nclip_wrapper_80050334,low,gte_op=gte_nclip_wrapper_80050334,docs/naming/evidence/func_80050334.md
0x80050538,func_80050538,gte_nclip_wrapper_80050538,low,gte_op=gte_nclip_wrapper_80050538,docs/naming/evidence/func_80050538.md
0x80050774,func_80050774,gte_nclip_wrapper_80050774,low,gte_op=gte_nclip_wrapper_80050774,docs/naming/evidence/func_80050774.md
0x80050908,func_80050908,gte_nclip_wrapper_80050908,low,gte_op=gte_nclip_wrapper_80050908,docs/naming/evidence/func_80050908.md
0x80050AB8,func_80050AB8,gte_nclip_wrapper_80050AB8,low,gte_op=gte_nclip_wrapper_80050AB8,docs/naming/evidence/func_80050AB8.md
0x80050C68,func_80050C68,gte_nclip_wrapper_80050C68,low,gte_op=gte_nclip_wrapper_80050C68,docs/naming/evidence/func_80050C68.md
0x80050E60,func_80050E60,gte_nclip_wrapper_80050E60,low,gte_op=gte_nclip_wrapper_80050E60,docs/naming/evidence/func_80050E60.md
0x80051010,func_80051010,gte_nclip_wrapper_80051010,low,gte_op=gte_nclip_wrapper_80051010,docs/naming/evidence/func_80051010.md
0x80051208,func_80051208,gte_nclip_wrapper_80051208,low,gte_op=gte_nclip_wrapper_80051208,docs/naming/evidence/func_80051208.md
0x800513B0,func_800513B0,gte_nclip_wrapper_800513B0,low,gte_op=gte_nclip_wrapper_800513B0,docs/naming/evidence/func_800513B0.md
0x800515AC,func_800515AC,gte_nclip_wrapper_800515AC,low,gte_op=gte_nclip_wrapper_800515AC,docs/naming/evidence/func_800515AC.md
0x80051754,func_80051754,gte_nclip_wrapper_80051754,low,gte_op=gte_nclip_wrapper_80051754,docs/naming/evidence/func_80051754.md
0x80051944,func_80051944,gte_nclip_wrapper_80051944,low,gte_op=gte_nclip_wrapper_80051944,docs/naming/evidence/func_80051944.md
0x80051B04,func_80051B04,gte_nclip_wrapper_80051B04,low,gte_op=gte_nclip_wrapper_80051B04,docs/naming/evidence/func_80051B04.md
0x80051D08,func_80051D08,gte_nclip_wrapper_80051D08,low,gte_op=gte_nclip_wrapper_80051D08,docs/naming/evidence/func_80051D08.md
0x80051ED4,func_80051ED4,gte_nclip_wrapper_80051ED4,low,gte_op=gte_nclip_wrapper_80051ED4,docs/naming/evidence/func_80051ED4.md
0x800520B8,func_800520B8,,none,,
0x800523E0,func_800523E0,hirahira_w_ctrl_helper_800523E0,medium,gte_op=gte_helper_800523E0; sole_caller_path=hirahira_w_ctrl_helper_800523E0,docs/naming/evidence/func_800523E0.md
0x800525D8,func_800525D8,gte_sqr_wrapper_800525D8,low,gte_op=gte_sqr_wrapper_800525D8,docs/naming/evidence/func_800525D8.md
0x800526A0,func_800526A0,,none,,
0x80052720,func_80052720,gte_sqr_wrapper_80052720,low,gte_op=gte_sqr_wrapper_80052720,docs/naming/evidence/func_80052720.md
0x80052754,func_80052754,gte_sqr_wrapper_80052754,low,gte_op=gte_sqr_wrapper_80052754,docs/naming/evidence/func_80052754.md
0x80052788,func_80052788,gte_helper_80052788,low,gte_op=gte_helper_80052788,docs/naming/evidence/func_80052788.md
0x800527FC,func_800527FC,gte_helper_800527FC,low,gte_op=gte_helper_800527FC,docs/naming/evidence/func_800527FC.md
0x80052930,func_80052930,gte_mvmva_wrapper_80052930,low,gte_op=gte_mvmva_wrapper_80052930,docs/naming/evidence/func_80052930.md
0x80052A88,func_80052A88,gte_mvmva_wrapper_80052A88,low,gte_op=gte_mvmva_wrapper_80052A88,docs/naming/evidence/func_80052A88.md
0x80052B00,func_80052B00,gte_helper_80052B00,low,gte_op=gte_helper_80052B00,docs/naming/evidence/func_80052B00.md
0x80052B44,func_80052B44,gte_helper_80052B44,low,gte_op=gte_helper_80052B44,docs/naming/evidence/func_80052B44.md
0x80052B7C,func_80052B7C,gte_mvmva_wrapper_80052B7C,low,gte_op=gte_mvmva_wrapper_80052B7C,docs/naming/evidence/func_80052B7C.md
0x80052C28,func_80052C28,,none,,
0x80052C4C,func_80052C4C,gte_mvmva_wrapper_80052C4C,low,gte_op=gte_mvmva_wrapper_80052C4C,docs/naming/evidence/func_80052C4C.md
0x80052D00,func_80052D00,,none,,
0x80053304,func_80053304,,none,string_adjacent_info=?,docs/naming/evidence/func_80053304.md
0x8005344C,func_8005344C,,none,,
0x80053584,func_80053584,,none,string_adjacent_info=?,docs/naming/evidence/func_80053584.md
0x80053694,func_80053694,,none,,
0x80053754,func_80053754,,none,,
0x80053E9C,func_80053E9C,,none,,
0x80054410,func_80054410,efc_ougi_Init_80054410,medium,kengo_pattern=efc_ougi_Init_80054410; address_neighborhood=g_local_80054410,docs/naming/evidence/func_80054410.md
0x8005441C,func_8005441C,g_local_8005441C,low,address_neighborhood=g_local_8005441C,docs/naming/evidence/func_8005441C.md
0x80054434,func_80054434,g_local_80054434,low,address_neighborhood=g_local_80054434,docs/naming/evidence/func_80054434.md
0x80054440,func_80054440,gte_nct_wrapper_80054440,medium,gte_op=gte_nct_wrapper_80054440; address_neighborhood=g_local_80054440,docs/naming/evidence/func_80054440.md
0x80054604,func_80054604,g_local_80054604,low,address_neighborhood=g_local_80054604; string_adjacent_info=?,docs/naming/evidence/func_80054604.md
0x80054884,func_80054884,,none,,
0x8005490C,func_8005490C,,none,,
0x80054F68,func_80054F68,,none,,
0x80054FDC,func_80054FDC,,none,,
0x8005507C,func_8005507C,replay_camera_check_stage_8005507C,medium,kengo_pattern=replay_camera_check_stage_8005507C,docs/naming/evidence/func_8005507C.md
0x8005508C,func_8005508C,replay_camera_check_stage_8005508C,medium,kengo_pattern=replay_camera_check_stage_8005508C,docs/naming/evidence/func_8005508C.md
0x8005509C,func_8005509C,psyq_memset_8005509C,high,psyq_idiom=psyq_memset_8005509C,docs/naming/evidence/func_8005509C.md
0x800550E8,func_800550E8,cpu_get_move_pattern_table_number_helper_800550E8,medium,sole_caller_path=cpu_get_move_pattern_table_number_helper_800550E8,docs/naming/evidence/func_800550E8.md
0x80055948,func_80055948,,none,,
0x80055B44,func_80055B44,,none,,
0x80056CB8,func_80056CB8,,none,,
0x80057094,func_80057094,,none,,
0x800571C0,func_800571C0,,none,,
0x8005763C,func_8005763C,,none,,
0x80057ACC,func_80057ACC,,none,,
0x80057CC8,func_80057CC8,,none,,
0x80057E84,func_80057E84,,none,,
0x80058580,func_80058580,,none,,
0x8005B43C,func_8005B43C,,none,string_adjacent_info=?,docs/naming/evidence/func_8005B43C.md
0x8005B58C,func_8005B58C,obj_local_8005B58C,low,address_neighborhood=obj_local_8005B58C,docs/naming/evidence/func_8005B58C.md
0x8005B6AC,func_8005B6AC,obj_local_8005B6AC,low,address_neighborhood=obj_local_8005B6AC; string_adjacent_info=?,docs/naming/evidence/func_8005B6AC.md
0x8005B6FC,func_8005B6FC,obj_local_8005B6FC,low,address_neighborhood=obj_local_8005B6FC; string_adjacent_info=?,docs/naming/evidence/func_8005B6FC.md
0x8005B7C4,func_8005B7C4,obj_local_8005B7C4,low,address_neighborhood=obj_local_8005B7C4; string_adjacent_info=?,docs/naming/evidence/func_8005B7C4.md
0x8005B8B8,func_8005B8B8,obj_local_8005B8B8,low,address_neighborhood=obj_local_8005B8B8,docs/naming/evidence/func_8005B8B8.md
0x8005BA8C,func_8005BA8C,se_data_set_helper_8005BA8C,medium,sole_caller_path=se_data_set_helper_8005BA8C; address_neighborhood=obj_local_8005BA8C; string_adjacent_info=?,docs/naming/evidence/func_8005BA8C.md
0x8005BD30,func_8005BD30,se_data_set_helper_8005BD30,medium,sole_caller_path=se_data_set_helper_8005BD30; string_adjacent_info=?,docs/naming/evidence/func_8005BD30.md
0x8005BDF0,func_8005BDF0,se_data_set_helper_8005BDF0,medium,sole_caller_path=se_data_set_helper_8005BDF0; string_adjacent_info=?,docs/naming/evidence/func_8005BDF0.md
0x8005BF78,func_8005BF78,,none,string_adjacent_info=?,docs/naming/evidence/func_8005BF78.md
0x8005C074,func_8005C074,,none,string_adjacent_info=?,docs/naming/evidence/func_8005C074.md
0x8005C5A8,func_8005C5A8,,none,,
0x8005C614,func_8005C614,,none,,
0x8005C650,func_8005C650,,none,,
0x8005C6D0,func_8005C6D0,,none,string_adjacent_info=?,docs/naming/evidence/func_8005C6D0.md
0x8005C8A8,func_8005C8A8,,none,,
0x8005D46C,func_8005D46C,gnd_disp_loop_ctrl_helper_8005D46C,medium,sole_caller_path=gnd_disp_loop_ctrl_helper_8005D46C,docs/naming/evidence/func_8005D46C.md
0x8005D814,func_8005D814,,none,,
0x8005E098,func_8005E098,,none,,
0x8005E51C,func_8005E51C,camera_set_target_zoom_helper_8005E51C,medium,sole_caller_path=camera_set_target_zoom_helper_8005E51C,docs/naming/evidence/func_8005E51C.md
0x8005E54C,func_8005E54C,,none,,
0x8005F1C8,func_8005F1C8,camera_set_target_zoom_helper_8005F1C8,medium,sole_caller_path=camera_set_target_zoom_helper_8005F1C8,docs/naming/evidence/func_8005F1C8.md
0x8005FA98,func_8005FA98,,none,string_adjacent_info=?,docs/naming/evidence/func_8005FA98.md
0x8005FBC8,func_8005FBC8,cpu_side_move_dir_2_helper_8005FBC8,medium,sole_caller_path=cpu_side_move_dir_2_helper_8005FBC8,docs/naming/evidence/func_8005FBC8.md
0x8005FC9C,func_8005FC9C,,none,,
0x800600C8,func_800600C8,,none,string_adjacent_info=?,docs/naming/evidence/func_800600C8.md
0x800602AC,func_800602AC,,none,,
0x80060414,func_80060414,gnd_disp_loop_ctrl_helper_80060414,medium,sole_caller_path=gnd_disp_loop_ctrl_helper_80060414,docs/naming/evidence/func_80060414.md
0x80060544,func_80060544,,none,,
0x80060758,func_80060758,replay_camera_check_stage_80060758,high,kengo_pattern=replay_camera_check_stage_80060758; sole_caller_path=SetCurrentCursor_helper_80060758,docs/naming/evidence/func_80060758.md
0x80060768,func_80060768,,none,,
0x80060A68,func_80060A68,,none,,
0x80060B70,func_80060B70,,none,,
0x80060CB8,func_80060CB8,,none,,
0x80060E38,func_80060E38,,none,,
0x80061064,func_80061064,prim_overflow_func_80061064,low,string_adjacent=prim_overflow_func_80061064,docs/naming/evidence/func_80061064.md
0x800611A4,func_800611A4,,none,,
0x80061250,func_80061250,,none,,
0x8006133C,func_8006133C,,none,,
0x800613C8,func_800613C8,,none,,
0x80061454,func_80061454,,none,,
0x800614E0,func_800614E0,,none,,
0x8006156C,func_8006156C,,none,,
0x80061658,func_80061658,,none,,
0x80061710,func_80061710,,none,,
0x800617C8,func_800617C8,,none,,
0x800618B4,func_800618B4,,none,,
0x800619A4,func_800619A4,,none,,
0x800619F0,func_800619F0,,none,,
0x80061A3C,func_80061A3C,,none,,
0x80061ACC,func_80061ACC,,none,,
0x80061C00,func_80061C00,,none,,
0x80061D74,func_80061D74,,none,,
0x80061EC0,func_80061EC0,,none,,
0x80061FAC,func_80061FAC,,none,,
0x80062020,func_80062020,,none,,
0x800620B8,func_800620B8,DispHira_helper_800620B8,medium,sole_caller_path=DispHira_helper_800620B8,docs/naming/evidence/func_800620B8.md
0x8006288C,func_8006288C,,none,,
0x8006295C,func_8006295C,,none,,
0x80062FEC,func_80062FEC,,none,,
0x80063084,func_80063084,gte_helper_80063084,low,gte_op=gte_helper_80063084,docs/naming/evidence/func_80063084.md
0x80063AF0,func_80063AF0,,none,,
0x80063B34,func_80063B34,,none,,
0x80063B78,func_80063B78,,none,,
0x80063BA4,func_80063BA4,,none,,
0x80063BD0,func_80063BD0,,none,,
0x80063E10,func_80063E10,gte_mvmva_wrapper_80063E10,low,gte_op=gte_mvmva_wrapper_80063E10; string_adjacent_info=?,docs/naming/evidence/func_80063E10.md
0x800644FC,func_800644FC,,none,,
0x800645B0,func_800645B0,,none,,
0x800646E8,func_800646E8,gte_helper_800646E8,low,gte_op=gte_helper_800646E8,docs/naming/evidence/func_800646E8.md
0x80064E90,func_80064E90,motion_local_80064E90,low,address_neighborhood=motion_local_80064E90,docs/naming/evidence/func_80064E90.md
0x80064ED8,func_80064ED8,motion_local_80064ED8,low,address_neighborhood=motion_local_80064ED8,docs/naming/evidence/func_80064ED8.md
0x80064F20,func_80064F20,motion_local_80064F20,low,address_neighborhood=motion_local_80064F20,docs/naming/evidence/func_80064F20.md
0x80064F68,func_80064F68,motion_local_80064F68,low,address_neighborhood=motion_local_80064F68,docs/naming/evidence/func_80064F68.md
0x80064FB4,func_80064FB4,motion_local_80064FB4,low,address_neighborhood=motion_local_80064FB4,docs/naming/evidence/func_80064FB4.md
0x80065000,func_80065000,motion_local_80065000,low,address_neighborhood=motion_local_80065000,docs/naming/evidence/func_80065000.md
0x8006505C,func_8006505C,motion_local_8006505C,low,address_neighborhood=motion_local_8006505C,docs/naming/evidence/func_8006505C.md
0x800650A4,func_800650A4,motion_local_800650A4,low,address_neighborhood=motion_local_800650A4,docs/naming/evidence/func_800650A4.md
0x800650EC,func_800650EC,motion_local_800650EC,low,address_neighborhood=motion_local_800650EC,docs/naming/evidence/func_800650EC.md
0x80065134,func_80065134,motion_local_80065134,low,address_neighborhood=motion_local_80065134,docs/naming/evidence/func_80065134.md
0x8006517C,func_8006517C,,none,,
0x800651F0,func_800651F0,,none,,
0x80065264,func_80065264,,none,,
0x800652AC,func_800652AC,,none,,
0x800652F4,func_800652F4,,none,,
0x80065344,func_80065344,,none,,
0x80065394,func_80065394,,none,,
0x800653E4,func_800653E4,,none,,
0x80065434,func_80065434,,none,,
0x80065484,func_80065484,,none,,
0x80065540,func_80065540,,none,,
0x80065590,func_80065590,,none,,
0x800655E0,func_800655E0,,none,,
0x80065630,func_80065630,,none,,
0x80065680,func_80065680,,none,,
0x800656EC,func_800656EC,,none,,
0x80065760,func_80065760,,none,,
0x800657B0,func_800657B0,,none,,
0x80066EC0,func_80066EC0,,none,,
0x80066EF4,func_80066EF4,,none,,
0x80066F28,func_80066F28,,none,,
0x80066F5C,func_80066F5C,,none,,
0x80066F90,func_80066F90,,none,,
0x80066FC4,func_80066FC4,,none,,
0x80066FF8,func_80066FF8,,none,,
0x8006702C,func_8006702C,,none,,
0x80067060,func_80067060,,none,,
0x80067094,func_80067094,,none,,
0x800670C8,func_800670C8,,none,,
0x800670FC,func_800670FC,,none,,
0x80067130,func_80067130,,none,,
0x80067164,func_80067164,,none,,
0x80067198,func_80067198,,none,,
0x800671CC,func_800671CC,,none,,
0x80067200,func_80067200,gte_mvmva_wrapper_80067200,low,gte_op=gte_mvmva_wrapper_80067200,docs/naming/evidence/func_80067200.md
0x800676C8,func_800676C8,,none,,
0x80067704,func_80067704,,none,,
0x80067740,func_80067740,,none,,
0x8006777C,func_8006777C,,none,,
0x800677B8,func_800677B8,,none,,
0x800677F4,func_800677F4,,none,,
0x80067830,func_80067830,,none,,
0x8006786C,func_8006786C,,none,,
0x800678A8,func_800678A8,gte_helper_800678A8,low,gte_op=gte_helper_800678A8,docs/naming/evidence/func_800678A8.md
0x80067D14,func_80067D14,gte_mvmva_wrapper_80067D14,low,gte_op=gte_mvmva_wrapper_80067D14,docs/naming/evidence/func_80067D14.md
0x80068D88,func_80068D88,,none,,
0x80068ECC,func_80068ECC,,none,string_adjacent_info=?,docs/naming/evidence/func_80068ECC.md
0x80068F70,func_80068F70,,none,string_adjacent_info=?,docs/naming/evidence/func_80068F70.md
0x80069120,func_80069120,,none,string_adjacent_info=?,docs/naming/evidence/func_80069120.md
0x8006920C,func_8006920C,efc_helper_8006920C,medium,call_graph_cluster=efc_helper_8006920C,docs/naming/evidence/func_8006920C.md
0x80069250,func_80069250,,none,,
0x800692C0,func_800692C0,,none,,
0x800693CC,func_800693CC,,none,string_adjacent_info=?,docs/naming/evidence/func_800693CC.md
0x80069898,func_80069898,,none,,
0x80069A30,func_80069A30,,none,,
0x80069A8C,func_80069A8C,,none,,
0x80069AE4,func_80069AE4,,none,,
0x80069E18,func_80069E18,,none,,
0x80069F80,func_80069F80,,none,string_adjacent_info=?,docs/naming/evidence/func_80069F80.md
0x8006A1A0,func_8006A1A0,,none,string_adjacent_info=?,docs/naming/evidence/func_8006A1A0.md
0x8006A3CC,func_8006A3CC,,none,,
0x8006A494,func_8006A494,,none,,
0x8006A880,func_8006A880,,none,string_adjacent_info=?,docs/naming/evidence/func_8006A880.md
0x8006B120,func_8006B120,,none,string_adjacent_info=?,docs/naming/evidence/func_8006B120.md
0x8006B578,func_8006B578,,none,string_adjacent_info=?,docs/naming/evidence/func_8006B578.md
0x8006B898,func_8006B898,,none,,
0x8006B92C,func_8006B92C,,none,,
0x8006BB68,func_8006BB68,,none,,
0x8006BD28,func_8006BD28,,none,,
0x8006BEC4,func_8006BEC4,,none,,
0x8006C168,func_8006C168,,none,,
0x8006CBD4,func_8006CBD4,,none,string_adjacent_info=?,docs/naming/evidence/func_8006CBD4.md
0x8006CCC8,func_8006CCC8,,none,string_adjacent_info=?,docs/naming/evidence/func_8006CCC8.md
0x8006CFBC,func_8006CFBC,,none,string_adjacent_info=?,docs/naming/evidence/func_8006CFBC.md
0x8006D338,func_8006D338,,none,,
0x8006D3DC,func_8006D3DC,,none,,
0x8006D5D4,func_8006D5D4,,none,string_adjacent_info=?,docs/naming/evidence/func_8006D5D4.md
0x8006D74C,func_8006D74C,,none,,
0x8006D7FC,func_8006D7FC,,none,,
0x8006D808,func_8006D808,,none,string_adjacent_info=?,docs/naming/evidence/func_8006D808.md
0x8006DD94,func_8006DD94,,none,,
0x8006DF68,func_8006DF68,,none,,
0x8006E068,func_8006E068,,none,,
0x8006E10C,func_8006E10C,,none,string_adjacent_info=?,docs/naming/evidence/func_8006E10C.md
0x8006E2A8,func_8006E2A8,,none,,
0x8006E390,func_8006E390,,none,,
0x8006E440,func_8006E440,,none,,
0x8006E49C,func_8006E49C,,none,,
0x8006E534,func_8006E534,,none,,
0x8006E8AC,func_8006E8AC,,none,,
0x8006E8CC,func_8006E8CC,,none,,
0x8006E950,func_8006E950,,none,,
0x8006EACC,func_8006EACC,,none,,
0x8006EC0C,func_8006EC0C,,none,,
0x8006ECF4,func_8006ECF4,,none,,
0x8006F038,func_8006F038,,none,,
0x8006F100,func_8006F100,,none,,
0x8006F528,func_8006F528,,none,,
0x8006F97C,func_8006F97C,,none,,
0x80070C70,func_80070C70,,none,,
0x80071C20,func_80071C20,,none,,
0x80071C4C,func_80071C4C,,none,,
0x80072084,func_80072084,,none,,
0x800720AC,func_800720AC,,none,,
0x800720D4,func_800720D4,,none,,
0x800720FC,func_800720FC,,none,,
0x80072BC4,func_80072BC4,,none,,
0x80072CD4,func_80072CD4,,none,,
0x80072E10,func_80072E10,,none,,
0x80072F30,func_80072F30,,none,,
0x80072FCC,func_80072FCC,,none,,
0x80073060,func_80073060,,none,,
0x8007352C,func_8007352C,satan_helper_8007352C,medium,call_graph_cluster=satan_helper_8007352C; string_adjacent_info=?,docs/naming/evidence/func_8007352C.md
0x80073728,func_80073728,,none,,
0x80073C78,func_80073C78,,none,,
0x80074220,func_80074220,,none,,
0x80074488,func_80074488,,none,,
0x800747D8,func_800747D8,,none,,
0x80074B18,func_80074B18,,none,,
0x80074D2C,func_80074D2C,,none,,
0x80074E08,func_80074E08,,none,,
0x8007526C,func_8007526C,,none,,
0x80075670,func_80075670,,none,,
0x80075830,func_80075830,,none,,
0x800759D0,func_800759D0,,none,,
0x80075F80,func_80075F80,,none,,
0x8007636C,func_8007636C,,none,,
0x800768DC,func_800768DC,,none,,
0x80076D74,func_80076D74,,none,,
0x80076FF8,func_80076FF8,,none,,
0x80077098,func_80077098,,none,,
0x800770B8,func_800770B8,,none,,
0x80077374,func_80077374,,none,,
0x80077724,func_80077724,,none,,
0x80077820,func_80077820,,none,,
0x80077860,func_80077860,,none,,
0x80077894,func_80077894,,none,,
0x80077904,func_80077904,,none,,
0x80077940,func_80077940,,none,,
0x80077984,func_80077984,,none,,
0x800779C8,func_800779C8,,none,,
0x80077A28,func_80077A28,replay_camera_rob_back_loose2_helper_80077A28,medium,sole_caller_path=replay_camera_rob_back_loose2_helper_80077A28,docs/naming/evidence/func_80077A28.md
0x80077A80,func_80077A80,replay_camera_rob_back_loose2_helper_80077A80,medium,sole_caller_path=replay_camera_rob_back_loose2_helper_80077A80,docs/naming/evidence/func_80077A80.md
0x80077AE0,func_80077AE0,,none,,
0x80077B00,func_80077B00,,none,,
0x80077B30,func_80077B30,,none,,
0x80077D10,func_80077D10,camera_get_rot_normal_rad_helper_80077D10,medium,sole_caller_path=camera_get_rot_normal_rad_helper_80077D10,docs/naming/evidence/func_80077D10.md
0x80077D74,func_80077D74,,none,,
0x80077D94,func_80077D94,,none,,
0x8007855C,func_8007855C,,none,,
0x80078628,func_80078628,,none,,
0x80078634,func_80078634,,none,,
0x80078654,func_80078654,,none,,
0x80078824,func_80078824,bios_local_80078824,low,address_neighborhood=bios_local_80078824,docs/naming/evidence/func_80078824.md
0x800788B0,func_800788B0,bios_local_800788B0,low,address_neighborhood=bios_local_800788B0,docs/naming/evidence/func_800788B0.md
0x800789D8,func_800789D8,cpu_set_move_command_and_dir_for_no_action_2_helper_800789D8,medium,sole_caller_path=cpu_set_move_command_and_dir_for_no_action_2_helper_800789D8; address_neighborhood=bios_local_800789D8,docs/naming/evidence/func_800789D8.md
0x80078A68,func_80078A68,bios_local_80078A68,low,address_neighborhood=bios_local_80078A68,docs/naming/evidence/func_80078A68.md
0x80078B04,func_80078B04,bios_local_80078B04,low,address_neighborhood=bios_local_80078B04,docs/naming/evidence/func_80078B04.md
0x80078B3C,func_80078B3C,bios_local_80078B3C,low,address_neighborhood=bios_local_80078B3C; string_adjacent_info=?,docs/naming/evidence/func_80078B3C.md
0x80078B70,func_80078B70,bios_local_80078B70,low,address_neighborhood=bios_local_80078B70; string_adjacent_info=?,docs/naming/evidence/func_80078B70.md
0x80078BA8,func_80078BA8,bios_local_80078BA8,low,address_neighborhood=bios_local_80078BA8,docs/naming/evidence/func_80078BA8.md
0x80078BE0,func_80078BE0,bios_local_80078BE0,low,address_neighborhood=bios_local_80078BE0,docs/naming/evidence/func_80078BE0.md
0x80078BF0,func_80078BF0,bios_local_80078BF0,low,address_neighborhood=bios_local_80078BF0,docs/naming/evidence/func_80078BF0.md
0x80078C00,func_80078C00,bios_local_80078C00,low,address_neighborhood=bios_local_80078C00,docs/naming/evidence/func_80078C00.md
0x80078C9C,func_80078C9C,irq_local_80078C9C,low,address_neighborhood=irq_local_80078C9C,docs/naming/evidence/func_80078C9C.md
0x80078D38,func_80078D38,bios_local_80078D38,low,address_neighborhood=bios_local_80078D38,docs/naming/evidence/func_80078D38.md
0x80078DA0,func_80078DA0,bios_local_80078DA0,low,address_neighborhood=bios_local_80078DA0,docs/naming/evidence/func_80078DA0.md
0x80078E20,func_80078E20,pad_Init_helper_80078E20,medium,sole_caller_path=pad_Init_helper_80078E20; address_neighborhood=bios_local_80078E20,docs/naming/evidence/func_80078E20.md
0x80078E58,func_80078E58,bios_local_80078E58,low,address_neighborhood=bios_local_80078E58,docs/naming/evidence/func_80078E58.md
0x80078EC0,func_80078EC0,bios_local_80078EC0,low,address_neighborhood=bios_local_80078EC0,docs/naming/evidence/func_80078EC0.md
0x80078F60,func_80078F60,bios_local_80078F60,low,address_neighborhood=bios_local_80078F60,docs/naming/evidence/func_80078F60.md
0x80078F74,func_80078F74,pad_Init_helper_80078F74,medium,sole_caller_path=pad_Init_helper_80078F74; address_neighborhood=bios_local_80078F74,docs/naming/evidence/func_80078F74.md
0x80078F88,func_80078F88,bios_local_80078F88,low,address_neighborhood=bios_local_80078F88,docs/naming/evidence/func_80078F88.md
0x80078FF0,func_80078FF0,bios_local_80078FF0,low,address_neighborhood=bios_local_80078FF0,docs/naming/evidence/func_80078FF0.md
0x80079028,func_80079028,bios_local_80079028,low,address_neighborhood=bios_local_80079028,docs/naming/evidence/func_80079028.md
0x800790A4,func_800790A4,bios_local_800790A4,low,address_neighborhood=bios_local_800790A4,docs/naming/evidence/func_800790A4.md
0x800790C0,func_800790C0,bios_local_800790C0,low,address_neighborhood=bios_local_800790C0,docs/naming/evidence/func_800790C0.md
0x80079154,func_80079154,,none,,
0x80079184,func_80079184,bb2_local_80079184,low,address_neighborhood=bb2_local_80079184,docs/naming/evidence/func_80079184.md
0x80079194,func_80079194,bb2_local_80079194,low,address_neighborhood=bb2_local_80079194,docs/naming/evidence/func_80079194.md
0x800791D8,func_800791D8,bb2_local_800791D8,low,address_neighborhood=bb2_local_800791D8,docs/naming/evidence/func_800791D8.md
0x80079244,func_80079244,debug_printf_helper_80079244,medium,sole_caller_path=debug_printf_helper_80079244; address_neighborhood=bb2_local_80079244; string_adjacent_info=?,docs/naming/evidence/func_80079244.md
0x800798CC,func_800798CC,bb2_local_800798CC,low,address_neighborhood=bb2_local_800798CC,docs/naming/evidence/func_800798CC.md
0x800798FC,func_800798FC,bb2_local_800798FC,low,address_neighborhood=bb2_local_800798FC,docs/naming/evidence/func_800798FC.md
0x8007992C,func_8007992C,bb2_local_8007992C,low,address_neighborhood=bb2_local_8007992C,docs/naming/evidence/func_8007992C.md
0x8007997C,func_8007997C,bb2_local_8007997C,low,address_neighborhood=bb2_local_8007997C,docs/naming/evidence/func_8007997C.md
0x80079A30,func_80079A30,bb2_local_80079A30,low,address_neighborhood=bb2_local_80079A30; string_adjacent_info=?,docs/naming/evidence/func_80079A30.md
0x8007A28C,func_8007A28C,bios_local_8007A28C,low,address_neighborhood=bios_local_8007A28C,docs/naming/evidence/func_8007A28C.md
0x8007A318,func_8007A318,bios_local_8007A318,low,address_neighborhood=bios_local_8007A318,docs/naming/evidence/func_8007A318.md
0x8007A370,func_8007A370,pad_press_control_helper_8007A370,medium,sole_caller_path=pad_press_control_helper_8007A370; address_neighborhood=bios_local_8007A370,docs/naming/evidence/func_8007A370.md
0x8007A3C8,func_8007A3C8,pad_press_control_helper_8007A3C8,medium,sole_caller_path=pad_press_control_helper_8007A3C8; address_neighborhood=bios_local_8007A3C8,docs/naming/evidence/func_8007A3C8.md
0x8007A400,func_8007A400,bios_local_8007A400,low,address_neighborhood=bios_local_8007A400,docs/naming/evidence/func_8007A400.md
0x8007A458,func_8007A458,bios_local_8007A458,low,address_neighborhood=bios_local_8007A458,docs/naming/evidence/func_8007A458.md
0x8007A4D8,func_8007A4D8,bios_local_8007A4D8,low,address_neighborhood=bios_local_8007A4D8,docs/naming/evidence/func_8007A4D8.md
0x8007A694,func_8007A694,,none,,
0x8007A74C,func_8007A74C,,none,,
0x8007A788,func_8007A788,,none,,
0x8007A7C4,func_8007A7C4,,none,,
0x8007A7DC,func_8007A7DC,,none,string_adjacent_info=?,docs/naming/evidence/func_8007A7DC.md
0x8007A83C,func_8007A83C,,none,string_adjacent_info=?,docs/naming/evidence/func_8007A83C.md
0x8007A8B4,func_8007A8B4,,none,,
0x8007A8F0,func_8007A8F0,,none,,
0x8007A92C,func_8007A92C,,none,,
0x8007A950,func_8007A950,,none,,
0x8007A968,func_8007A968,,none,,
0x8007A990,func_8007A990,,none,,
0x8007A9B8,func_8007A9B8,,none,,
0x8007A9CC,func_8007A9CC,,none,,
0x8007A9E0,func_8007A9E0,,none,,
0x8007A9F4,func_8007A9F4,,none,,
0x8007AA08,func_8007AA08,,none,,
0x8007AA1C,func_8007AA1C,,none,,
0x8007AA30,func_8007AA30,,none,,
0x8007AA44,func_8007AA44,,none,,
0x8007AA58,func_8007AA58,,none,,
0x8007AA6C,func_8007AA6C,,none,,
0x8007AA80,func_8007AA80,,none,,
0x8007AA94,func_8007AA94,,none,,
0x8007AAA8,func_8007AAA8,,none,,
0x8007AABC,func_8007AABC,,none,,
0x8007AAD0,func_8007AAD0,,none,,
0x8007AAE4,func_8007AAE4,,none,,
0x8007AAF8,func_8007AAF8,,none,,
0x8007AB0C,func_8007AB0C,,none,,
0x8007AB2C,func_8007AB2C,,none,,
0x8007AB4C,func_8007AB4C,,none,,
0x8007AB6C,func_8007AB6C,,none,,
0x8007AB8C,func_8007AB8C,,none,,
0x8007ABB8,func_8007ABB8,,none,,
0x8007AC18,func_8007AC18,,none,,
0x8007AC84,func_8007AC84,,none,,
0x8007ACBC,func_8007ACBC,,none,string_adjacent_info=?,docs/naming/evidence/func_8007ACBC.md
0x8007ADD0,func_8007ADD0,,none,string_adjacent_info=?,docs/naming/evidence/func_8007ADD0.md
0x8007AE7C,func_8007AE7C,,none,string_adjacent_info=?,docs/naming/evidence/func_8007AE7C.md
0x8007B000,func_8007B000,,none,string_adjacent_info=?,docs/naming/evidence/func_8007B000.md
0x8007B114,func_8007B114,gpu_local_8007B114,medium,address_neighborhood=gpu_local_8007B114; string_adjacent=debug_func_8007B114,docs/naming/evidence/func_8007B114.md
0x8007B178,func_8007B178,gpu_local_8007B178,low,address_neighborhood=gpu_local_8007B178; string_adjacent_info=?,docs/naming/evidence/func_8007B178.md
0x8007B224,func_8007B224,gpu_local_8007B224,low,address_neighborhood=gpu_local_8007B224,docs/naming/evidence/func_8007B224.md
0x8007B234,func_8007B234,gpu_local_8007B234,low,address_neighborhood=gpu_local_8007B234,docs/naming/evidence/func_8007B234.md
0x8007B244,func_8007B244,gpu_local_8007B244,medium,address_neighborhood=gpu_local_8007B244; string_adjacent=drawsync_func_8007B244,docs/naming/evidence/func_8007B244.md
0x8007B3A8,func_8007B3A8,gpu_helper_8007B3A8,medium,call_graph_cluster=gpu_helper_8007B3A8; address_neighborhood=gpu_local_8007B3A8; string_adjacent=bad_func_8007B3A8,docs/naming/evidence/func_8007B3A8.md
0x8007B4D0,func_8007B4D0,gpu_local_8007B4D0,medium,address_neighborhood=gpu_local_8007B4D0; string_adjacent=clearimage_func_8007B4D0,docs/naming/evidence/func_8007B4D0.md
0x8007B564,func_8007B564,gpu_local_8007B564,medium,address_neighborhood=gpu_local_8007B564; string_adjacent=clearimage_func_8007B564,docs/naming/evidence/func_8007B564.md
0x8007B6C8,func_8007B6C8,gpu_local_8007B6C8,low,address_neighborhood=gpu_local_8007B6C8; string_adjacent_info=?,docs/naming/evidence/func_8007B6C8.md
0x8007B844,func_8007B844,gpu_local_8007B844,low,address_neighborhood=gpu_local_8007B844; string_adjacent_info=?,docs/naming/evidence/func_8007B844.md
0x8007B9B0,func_8007B9B0,gpu_local_8007B9B0,medium,address_neighborhood=gpu_local_8007B9B0; string_adjacent=debug_func_8007B9B0,docs/naming/evidence/func_8007B9B0.md
0x8007BAB4,func_8007BAB4,gpu_local_8007BAB4,low,address_neighborhood=gpu_local_8007BAB4; string_adjacent_info=?,docs/naming/evidence/func_8007BAB4.md
0x8007BC08,func_8007BC08,gpu_local_8007BC08,medium,address_neighborhood=gpu_local_8007BC08; string_adjacent=debug_func_8007BC08,docs/naming/evidence/func_8007BC08.md
0x8007C0B0,func_8007C0B0,,none,,
0x8007C0E8,func_8007C0E8,,none,,
0x8007C118,func_8007C118,,none,,
0x8007C154,func_8007C154,,none,,
0x8007C1D8,func_8007C1D8,,none,,
0x8007C21C,func_8007C21C,,none,,
0x8007C248,func_8007C248,,none,,
0x8007C2A0,func_8007C2A0,,none,,
0x8007C4B8,func_8007C4B8,,none,,
0x8007C748,func_8007C748,,none,,
0x8007C7A0,func_8007C7A0,,none,,
0x8007C86C,func_8007C86C,,none,,
0x8007C938,func_8007C938,,none,,
0x8007C97C,func_8007C97C,,none,,
0x8007CA00,func_8007CA00,,none,,
0x8007CAB0,func_8007CAB0,,none,,
0x8007CAC8,func_8007CAC8,,none,,
0x8007CBB0,func_8007CBB0,,none,,
0x8007CE0C,func_8007CE0C,,none,,
0x8007D048,func_8007D048,,none,,
0x8007D2CC,func_8007D2CC,,none,,
0x8007D2F4,func_8007D2F4,,none,,
0x8007D308,func_8007D308,,none,,
0x8007D358,func_8007D358,,none,,
0x8007D3A4,func_8007D3A4,,none,,
0x8007D3D4,func_8007D3D4,,none,,
0x8007D3F8,func_8007D3F8,,none,,
0x8007D6D8,func_8007D6D8,,none,,
0x8007D9C4,func_8007D9C4,,none,,
0x8007DB20,func_8007DB20,,none,,
0x8007DC9C,func_8007DC9C,debug_func_8007DC9C,low,string_adjacent=debug_func_8007DC9C,docs/naming/evidence/func_8007DC9C.md
0x8007DE08,func_8007DE08,,none,,
0x8007DEE4,func_8007DEE4,psyq_memset_8007DEE4,high,psyq_idiom=psyq_memset_8007DEE4,docs/naming/evidence/func_8007DEE4.md
0x8007DF20,func_8007DF20,,none,,
0x8007DF5C,func_8007DF5C,,none,,
0x8007DFEC,func_8007DFEC,,none,,
0x8007E094,func_8007E094,gte_helper_8007E094,low,gte_op=gte_helper_8007E094,docs/naming/evidence/func_8007E094.md
0x8007E11C,func_8007E11C,,none,,
0x8007E1AC,func_8007E1AC,gte_helper_8007E1AC,low,gte_op=gte_helper_8007E1AC,docs/naming/evidence/func_8007E1AC.md
0x8007E1FC,func_8007E1FC,gte_helper_8007E1FC,low,gte_op=gte_helper_8007E1FC,docs/naming/evidence/func_8007E1FC.md
0x8007E24C,func_8007E24C,gte_helper_8007E24C,low,gte_op=gte_helper_8007E24C,docs/naming/evidence/func_8007E24C.md
0x8007E2D4,func_8007E2D4,gte_helper_8007E2D4,low,gte_op=gte_helper_8007E2D4,docs/naming/evidence/func_8007E2D4.md
0x8007E35C,func_8007E35C,gte_helper_8007E35C,low,gte_op=gte_helper_8007E35C,docs/naming/evidence/func_8007E35C.md
0x8007E3BC,func_8007E3BC,gte_helper_8007E3BC,low,gte_op=gte_helper_8007E3BC,docs/naming/evidence/func_8007E3BC.md
0x8007E43C,func_8007E43C,,none,,
0x8007E4DC,func_8007E4DC,gte_mvmva_wrapper_8007E4DC,low,gte_op=gte_mvmva_wrapper_8007E4DC,docs/naming/evidence/func_8007E4DC.md
0x8007E5EC,func_8007E5EC,gte_mvmva_wrapper_8007E5EC,low,gte_op=gte_mvmva_wrapper_8007E5EC,docs/naming/evidence/func_8007E5EC.md
0x8007E74C,func_8007E74C,gte_mvmva_wrapper_8007E74C,low,gte_op=gte_mvmva_wrapper_8007E74C,docs/naming/evidence/func_8007E74C.md
0x8007E8AC,func_8007E8AC,gte_mvmva_wrapper_8007E8AC,low,gte_op=gte_mvmva_wrapper_8007E8AC,docs/naming/evidence/func_8007E8AC.md
0x8007E8DC,func_8007E8DC,,none,,
0x8007EA0C,func_8007EA0C,gte_mvmva_wrapper_8007EA0C,low,gte_op=gte_mvmva_wrapper_8007EA0C,docs/naming/evidence/func_8007EA0C.md
0x8007EB4C,func_8007EB4C,gte_mvmva_wrapper_8007EB4C,low,gte_op=gte_mvmva_wrapper_8007EB4C,docs/naming/evidence/func_8007EB4C.md
0x8007ED6C,func_8007ED6C,gte_mvmva_wrapper_8007ED6C,low,gte_op=gte_mvmva_wrapper_8007ED6C,docs/naming/evidence/func_8007ED6C.md
0x8007EDBC,func_8007EDBC,,none,,
0x8007EEEC,func_8007EEEC,gte_helper_8007EEEC,low,gte_op=gte_helper_8007EEEC,docs/naming/evidence/func_8007EEEC.md
0x8007EF1C,func_8007EF1C,gte_helper_8007EF1C,low,gte_op=gte_helper_8007EF1C,docs/naming/evidence/func_8007EF1C.md
0x8007EF4C,func_8007EF4C,gte_helper_8007EF4C,low,gte_op=gte_helper_8007EF4C,docs/naming/evidence/func_8007EF4C.md
0x8007EF6C,func_8007EF6C,gte_helper_8007EF6C,low,gte_op=gte_helper_8007EF6C,docs/naming/evidence/func_8007EF6C.md
0x8007EF8C,func_8007EF8C,,none,,
0x8007EF9C,func_8007EF9C,gte_helper_8007EF9C,low,gte_op=gte_helper_8007EF9C,docs/naming/evidence/func_8007EF9C.md
0x8007EFBC,func_8007EFBC,gte_helper_8007EFBC,low,gte_op=gte_helper_8007EFBC,docs/naming/evidence/func_8007EFBC.md
0x8007EFDC,func_8007EFDC,,none,,
0x8007F00C,func_8007F00C,gte_mvmva_wrapper_8007F00C,low,gte_op=gte_mvmva_wrapper_8007F00C,docs/naming/evidence/func_8007F00C.md
0x8007F034,func_8007F034,gte_dpcl_wrapper_8007F034,low,gte_op=gte_dpcl_wrapper_8007F034,docs/naming/evidence/func_8007F034.md
0x8007F05C,func_8007F05C,gte_dpct_wrapper_8007F05C,low,gte_op=gte_dpct_wrapper_8007F05C,docs/naming/evidence/func_8007F05C.md
0x8007F098,func_8007F098,gte_intpl_wrapper_8007F098,low,gte_op=gte_intpl_wrapper_8007F098,docs/naming/evidence/func_8007F098.md
0x8007F0BC,func_8007F0BC,gte_sqr_wrapper_8007F0BC,low,gte_op=gte_sqr_wrapper_8007F0BC,docs/naming/evidence/func_8007F0BC.md
0x8007F0E4,func_8007F0E4,gte_sqr_wrapper_8007F0E4,low,gte_op=gte_sqr_wrapper_8007F0E4,docs/naming/evidence/func_8007F0E4.md
0x8007F10C,func_8007F10C,gte_avsz3_wrapper_8007F10C,low,gte_op=gte_avsz3_wrapper_8007F10C,docs/naming/evidence/func_8007F10C.md
0x8007F12C,func_8007F12C,gte_avsz4_wrapper_8007F12C,low,gte_op=gte_avsz4_wrapper_8007F12C,docs/naming/evidence/func_8007F12C.md
0x8007F150,func_8007F150,gte_helper_8007F150,low,gte_op=gte_helper_8007F150,docs/naming/evidence/func_8007F150.md
0x8007F1A8,func_8007F1A8,gte_helper_8007F1A8,low,gte_op=gte_helper_8007F1A8,docs/naming/evidence/func_8007F1A8.md
0x8007F200,func_8007F200,,none,,
0x8007F21C,func_8007F21C,gte_rtps_wrapper_8007F21C,low,gte_op=gte_rtps_wrapper_8007F21C,docs/naming/evidence/func_8007F21C.md
0x8007F24C,func_8007F24C,gte_rtpt_wrapper_8007F24C,low,gte_op=gte_rtpt_wrapper_8007F24C,docs/naming/evidence/func_8007F24C.md
0x8007F2AC,func_8007F2AC,gte_mvmva_wrapper_8007F2AC,low,gte_op=gte_mvmva_wrapper_8007F2AC,docs/naming/evidence/func_8007F2AC.md
0x8007F5EC,func_8007F5EC,,none,,
0x8007F87C,func_8007F87C,,none,,
0x8007FA1C,func_8007FA1C,,none,,
0x8007FBBC,func_8007FBBC,,none,,
0x8007FEDC,func_8007FEDC,,none,,
0x8007FF7C,func_8007FF7C,fail_func_8007FF7C,low,string_adjacent=fail_func_8007FF7C,docs/naming/evidence/func_8007FF7C.md
0x8008009C,func_8008009C,,none,,
0x800800AC,func_800800AC,,none,,
0x800800CC,func_800800CC,saEft00Add_helper_800800CC,medium,sole_caller_path=saEft00Add_helper_800800CC,docs/naming/evidence/func_800800CC.md
0x800800DC,func_800800DC,,none,,
0x80080148,func_80080148,special_camera_helper_80080148,medium,call_graph_cluster=special_camera_helper_80080148,docs/naming/evidence/func_80080148.md
0x80080168,func_80080168,cd_func_80080168,low,string_adjacent=cd_func_80080168,docs/naming/evidence/func_80080168.md
0x80080228,func_80080228,,none,,
0x80080240,func_80080240,,none,,
0x80080258,func_80080258,,none,,
0x80080390,func_80080390,,none,,
0x80080600,func_80080600,,none,,
0x80080620,func_80080620,,none,,
0x800806A4,func_800806A4,,none,,
0x800807A8,func_800807A8,,none,,
0x80080828,func_80080828,error_func_80080828,low,string_adjacent=error_func_80080828,docs/naming/evidence/func_80080828.md
0x80081718,func_80081718,,none,,
0x800817A0,func_800817A0,,none,,
0x80081880,func_80081880,,none,,
0x80081974,func_80081974,,none,,
0x800819C4,func_800819C4,init_func_800819C4,low,string_adjacent=init_func_800819C4,docs/naming/evidence/func_800819C4.md
0x80081D1C,func_80081D1C,,none,,
0x80081E1C,func_80081E1C,,none,,
0x800826CC,func_800826CC,,none,string_adjacent_info=?,docs/naming/evidence/func_800826CC.md
0x800827D0,func_800827D0,marionation_camera_Init_800827D0,low,kengo_pattern=marionation_camera_Init_800827D0,docs/naming/evidence/func_800827D0.md
0x8008289C,func_8008289C,,none,,
0x800828B4,func_800828B4,,none,,
0x80082A14,func_80082A14,,none,string_adjacent_info=?,docs/naming/evidence/func_80082A14.md
0x80082AC0,func_80082AC0,,none,,
0x80082AF0,func_80082AF0,,none,,
0x80082B20,func_80082B20,,none,,
0x80082B50,func_80082B50,,none,,
0x80082BB4,func_80082BB4,,none,,
0x80082C14,func_80082C14,,none,,
0x80082D34,func_80082D34,motion_make_table_helper_80082D34,medium,sole_caller_path=motion_make_table_helper_80082D34; string_adjacent_info=?,docs/naming/evidence/func_80082D34.md
0x80083220,func_80083220,motion_make_table_helper_80083220,medium,sole_caller_path=motion_make_table_helper_80083220; address_neighborhood=bios_local_80083220,docs/naming/evidence/func_80083220.md
0x800832A0,func_800832A0,bios_local_800832A0,low,address_neighborhood=bios_local_800832A0,docs/naming/evidence/func_800832A0.md
0x8008339C,func_8008339C,bios_local_8008339C,low,address_neighborhood=bios_local_8008339C,docs/naming/evidence/func_8008339C.md
0x80083644,func_80083644,,none,,
0x80083688,func_80083688,,none,,
0x80083698,func_80083698,syscall_wrapper_break_80083698,high,syscall_wrapper=syscall_wrapper_break_80083698,docs/naming/evidence/func_80083698.md
0x8008387C,func_8008387C,,none,,
0x8008393C,func_8008393C,syscall_wrapper_break_8008393C,high,syscall_wrapper=syscall_wrapper_break_8008393C,docs/naming/evidence/func_8008393C.md
0x80083954,func_80083954,,none,,
0x80083A18,func_80083A18,,none,,
0x80083A48,func_80083A48,,none,,
0x80083B30,func_80083B30,,none,,
0x80083B50,func_80083B50,,none,,
0x80083BE4,func_80083BE4,,none,,
0x800841E0,func_800841E0,DispStuff_helper_800841E0,medium,sole_caller_path=DispStuff_helper_800841E0,docs/naming/evidence/func_800841E0.md
0x80084500,func_80084500,DispStuff_helper_80084500,medium,sole_caller_path=DispStuff_helper_80084500,docs/naming/evidence/func_80084500.md
0x800848AC,func_800848AC,,none,,
0x80084948,func_80084948,,none,,
0x80084A7C,func_80084A7C,saTan0Main_helper_80084A7C,medium,sole_caller_path=saTan0Main_helper_80084A7C,docs/naming/evidence/func_80084A7C.md
0x80085064,func_80085064,,none,,
0x80085114,func_80085114,,none,,
0x80085210,func_80085210,,none,,
0x80085270,func_80085270,,none,,
0x80085448,func_80085448,,none,,
0x800856B0,func_800856B0,DispStuff_helper_800856B0,medium,sole_caller_path=DispStuff_helper_800856B0,docs/naming/evidence/func_800856B0.md
0x800859F0,func_800859F0,,none,,
0x80085E4C,func_80085E4C,obj_helper_80085E4C,medium,call_graph_cluster=obj_helper_80085E4C,docs/naming/evidence/func_80085E4C.md
0x80085EE4,func_80085EE4,obj_helper_80085EE4,medium,call_graph_cluster=obj_helper_80085EE4,docs/naming/evidence/func_80085EE4.md
0x80085F98,func_80085F98,obj_helper_80085F98,medium,call_graph_cluster=obj_helper_80085F98,docs/naming/evidence/func_80085F98.md
0x80085FB8,func_80085FB8,,none,,
0x80086014,func_80086014,,none,,
0x80086130,func_80086130,,none,,
0x800863CC,func_800863CC,,none,,
0x80086BFC,func_80086BFC,,none,,
0x80086CF8,func_80086CF8,AllocBukiRmd_helper_80086CF8,medium,sole_caller_path=AllocBukiRmd_helper_80086CF8,docs/naming/evidence/func_80086CF8.md
0x800871D4,func_800871D4,,none,,
0x800872A4,func_800872A4,AllocBukiRmd_helper_800872A4,medium,sole_caller_path=AllocBukiRmd_helper_800872A4,docs/naming/evidence/func_800872A4.md
0x80087770,func_80087770,,none,,
0x80087CAC,func_80087CAC,,none,,
0x80087DA0,func_80087DA0,,none,,
0x80087F00,func_80087F00,,none,,
0x80087F24,func_80087F24,,none,,
0x80087F34,func_80087F34,,none,,
0x80087F64,func_80087F64,obj_helper_80087F64,medium,call_graph_cluster=obj_helper_80087F64,docs/naming/evidence/func_80087F64.md
0x800884C4,func_800884C4,,none,,
0x80088584,func_80088584,,none,,
0x800885AC,func_800885AC,,none,,
0x800885CC,func_800885CC,,none,,
0x800886C4,func_800886C4,,none,,
0x80088740,func_80088740,debug_func_80088740,low,string_adjacent=debug_func_80088740,docs/naming/evidence/func_80088740.md
0x80088F9C,func_80088F9C,,none,,
0x80089024,func_80089024,,none,,
0x8008908C,func_8008908C,,none,,
0x80089214,func_80089214,,none,,
0x80089240,func_80089240,,none,,
0x8008926C,func_8008926C,,none,,
0x800892D4,func_800892D4,,none,,
0x800892F8,func_800892F8,,none,,
0x80089384,func_80089384,,none,,
0x800899A8,func_800899A8,,none,,
0x80089A24,func_80089A24,,none,,
0x80089D10,func_80089D10,,none,,
0x80089E30,func_80089E30,,none,,
0x80089EB0,func_80089EB0,,none,,
0x80089F3C,func_80089F3C,,none,,
0x8008A434,func_8008A434,,none,,
0x8008A904,func_8008A904,action_CheckHitZangeki_helper_8008A904,medium,sole_caller_path=action_CheckHitZangeki_helper_8008A904,docs/naming/evidence/func_8008A904.md
0x8008AAD4,func_8008AAD4,action_CheckHitZangeki_helper_8008AAD4,medium,sole_caller_path=action_CheckHitZangeki_helper_8008AAD4; address_neighborhood=coli_local_8008AAD4,docs/naming/evidence/func_8008AAD4.md
0x8008ACD0,func_8008ACD0,spu_local_8008ACD0,low,address_neighborhood=spu_local_8008ACD0,docs/naming/evidence/func_8008ACD0.md
0x8008AD64,func_8008AD64,,none,,
0x8008ADC4,func_8008ADC4,,none,,
0x8008AE24,func_8008AE24,spu_local_8008AE24,low,address_neighborhood=spu_local_8008AE24,docs/naming/evidence/func_8008AE24.md
0x8008AE7C,func_8008AE7C,spu_local_8008AE7C,low,address_neighborhood=spu_local_8008AE7C,docs/naming/evidence/func_8008AE7C.md
0x8008AEB0,func_8008AEB0,spu_local_8008AEB0,low,address_neighborhood=spu_local_8008AEB0,docs/naming/evidence/func_8008AEB0.md
0x8008AF84,func_8008AF84,saTan2Main_helper_8008AF84,medium,sole_caller_path=saTan2Main_helper_8008AF84,docs/naming/evidence/func_8008AF84.md
0x8008AF9C,func_8008AF9C,,none,,
0x8008B400,func_8008B400,,none,,
0x8008BB24,func_8008BB24,saTan1MainJump_helper_8008BB24,medium,sole_caller_path=saTan1MainJump_helper_8008BB24,docs/naming/evidence/func_8008BB24.md
0x8008BC60,func_8008BC60,,none,,
0x8008BD88,func_8008BD88,,none,,
0x8008BDE8,func_8008BDE8,action_CheckHitZangeki_helper_8008BDE8,medium,sole_caller_path=action_CheckHitZangeki_helper_8008BDE8,docs/naming/evidence/func_8008BDE8.md
0x8008BE04,func_8008BE04,,none,,
0x8008BE4C,func_8008BE4C,,none,string_adjacent_info=?,docs/naming/evidence/func_8008BE4C.md
0x8008BEA4,func_8008BEA4,,none,,
0x8008C184,func_8008C184,,none,,
0x8008C464,func_8008C464,,none,,
0x8008D060,func_8008D060,g_local_8008D060,low,address_neighborhood=g_local_8008D060,docs/naming/evidence/func_8008D060.md
